Title,Artist,Cluster
"Flowers","Miley Cyrus",2
"Cupid - Twin Ver.","FIFTY FIFTY",2
"BESO","ROSALÍA",1
"Boy's a liar Pt. 2","PinkPantheress",2
"Creepin' (with The Weeknd & 21 Savage)","Metro Boomin",1
"Daylight","David Kushner",1
"TQG","KAROL G",0
"Calm Down (with Selena Gomez)","Rema",2
"Anti-Hero","Taylor Swift",1
"Here With Me","d4vd",1
"I'm Good (Blue)","David Guetta",1
"Kill Bill","SZA",1
"Die For You - Remix","The Weeknd",1
"I Ain't Worried","OneRepublic",2
"Quevedo: Bzrp Music Sessions Vol. 52","Bizarrap",2
"Starboy","The Weeknd",0
"Until I Found You (with Em Beihold) - Em Beihold Version","Stephen Sanchez",1
"Another Love","Tom Odell",1
"As It Was","Harry Styles",0
"Blinding Lights","The Weeknd",0
"Me Porto Bonito","Bad Bunny",1
"Mockingbird","Eminem",1
"Players","Coi Leray",2
"Cruel Summer","Taylor Swift",0
"Escapism.","RAYE",1
"Ojitos Lindos","Bad Bunny",1
"Search & Rescue","Drake",0
"Sure Thing","Miguel",1
"Sweater Weather","The Neighbourhood",1
"Unholy (feat. Kim Petras)","Sam Smith",1
"All Of The Girls You Loved Before","Taylor Swift",1
"Dandelions","Ruth B.",1
"Ditto","NewJeans",1
"Efecto","Bad Bunny",1
"golden hour","JVKE",1
"Heat Waves","Glass Animals",1
"La Bachata","Manuel Turizo",2
"Last Night","Morgan Wallen",0
"lovely (with Khalid)","Billie Eilish",1
"Made You Look","Meghan Trainor",2
"Nonsense","Sabrina Carpenter",2
"Perfect","Ed Sheeran",1
"Rich Flex","Drake",0
"Tití Me Preguntó","Bad Bunny",1
"Watermelon Sugar","Harry Styles",2
"Without Me","Eminem",2
"Yandel 150","Yandel",0
"Yellow","Coldplay",0
"Call Out My Name","The Weeknd",1
"Do I Wanna Know?","Arctic Monkeys",1
"Double Fantasy (with Future)","The Weeknd",1
"Eyes Closed","Ed Sheeran",1
"Late Night Talking","Harry Styles",2
"Lavender Haze","Taylor Swift",1
"Never Felt So Alone","Labrinth",1
"Night Changes","One Direction",1
"Save Your Tears","The Weeknd",2
"Someone You Loved","Lewis Capaldi",1
"The Real Slim Shady","Eminem",2
"When I Was Your Man","Bruno Mars",1
"Blank Space","Taylor Swift",2
"Circles","Post Malone",2
"Ghost","Justin Bieber",0
"Heather","Conan Gray",1
"I Love You So","The Walters",1
"Locked out of Heaven","Bruno Mars",2
"Lover","Taylor Swift",1
"Moscow Mule","Bad Bunny",1
"One Dance","Drake",1
"One Kiss (with Dua Lipa)","Calvin Harris",2
"Pink + White","Frank Ocean",0
"Shape of You","Ed Sheeran",2
"Shivers","Ed Sheeran",2
"The Hills","The Weeknd",1
"Viva La Vida","Coldplay",0
"Why'd You Only Call Me When You're High?","Arctic Monkeys",2
"Bad Habits","Ed Sheeran",2
"Happier Than Ever","Billie Eilish",1
"Heartless","Kanye West",2
"Heaven","Niall Horan",2
"I'm Not The Only One","Sam Smith",1
"In the End","Linkin Park",1
"La Jumpa","Arcángel",1
"LET GO","Central Cee",0
"MIDDLE OF THE NIGHT","Elley Duhé",0
"Mr. Brightside","The Killers",0
"Numb","Linkin Park",1
"Photograph","Ed Sheeran",1
"Say You Won't Let Go","James Arthur",1
"Something Just Like This","The Chainsmokers",1
"Somewhere Only We Know","Keane",0
"STAY (with Justin Bieber)","The Kid LAROI",0
"Stressed Out","Twenty One Pilots",0
"Style","Taylor Swift",1
"The Nights","Avicii",2
"Thunder","Imagine Dragons",0
"traitor","Olivia Rodrigo",1
"Wake Me Up","Avicii",2
"Where Are You Now","Lost Frequencies",1
"Woman","Doja Cat",2
"7 rings","Ariana Grande",1
"A Sky Full of Stars","Coldplay",1
"Adore You","Harry Styles",2
"All of Me","John Legend",1
"Before You Go","Lewis Capaldi",1
"Beggin'","Måneskin",2
"Closer","The Chainsmokers",2
"Cold Heart - PNAU Remix","Elton John",2
"Counting Stars","OneRepublic",1
"Daddy Issues","The Neighbourhood",1
"deja vu","Olivia Rodrigo",0
"Demons","Imagine Dragons",1
"drivers license","Olivia Rodrigo",0
"everything i wanted","Billie Eilish",1
"Fair Trade (with Travis Scott)","Drake",0
"Flashing Lights","Kanye West",1
"FLOWER","JISOO",2
"Glimpse of Us","Joji",0
"God's Plan","Drake",1
"good 4 u","Olivia Rodrigo",0
"goosebumps","Travis Scott",1
"Hips Don't Lie (feat. Wyclef Jean)","Shakira",2
"HUMBLE.","Kendrick Lamar",0
"Kill Bill (feat. Doja Cat)","SZA",1
"Let Me Down Slowly","Alec Benjamin",0
"Lost","Frank Ocean",2
"Love On The Brain","Rihanna",0
"Ni**as In Paris","JAY-Z",2
"Nobody Gets Me","SZA",1
"rockstar (feat. 21 Savage)","Post Malone",0
"Running Up That Hill (A Deal With God)","Kate Bush",1
"Set Fire to the Rain","Adele",1
"Seven Nation Army","The White Stripes",1
"Shallow","Lady Gaga",1
"STAY (with Justin Bieber)","The Kid LAROI",0
"telepatía","Kali Uchis",1
"That's What I Like","Bruno Mars",2
"The Less I Know The Better","Tame Impala",2
"The Scientist","Coldplay",0
"Till I Collapse","Eminem",0
"Too Good At Goodbyes","Sam Smith",1
"Treat You Better","Shawn Mendes",2
"Una Noche en Medellín","Cris Mj",2
"Until I Found You","Stephen Sanchez",1
"What Makes You Beautiful","One Direction",2
"All The Stars (with SZA)","Kendrick Lamar",1
"All Too Well (10 Minute Version) (Taylor's Version) (From The Vault)","Taylor Swift",1
"Belly Dancer","Imanbek",1
"Feel Good Inc.","Gorillaz",2
"Fix You","Coldplay",1
"happier","Olivia Rodrigo",0
"Hymn for the Weekend","Coldplay",1
"Let Me Love You","DJ Snake",1
"Levitating (feat. DaBaby)","Dua Lipa",2
"Lost in the Fire (feat. The Weeknd)","Gesaffelstein",1
"Love Yourself","Justin Bieber",1
"LOVE. FEAT. ZACARI.","Kendrick Lamar",2
"Lucid Dreams","Juice WRLD",1
"Maps","Maroon 5",2
"One Last Time","Ariana Grande",1
"Only Love Can Hurt Like This","Paloma Faith",1
"Paradise","Coldplay",0
"Passionfruit","Drake",1
"Payphone","Maroon 5",2
"Promiscuous","Nelly Furtado",2
"Redbone","Childish Gambino",0
"Riptide","Vance Joy",1
"Shake It Off","Taylor Swift",0
"Shut Up and Dance","WALK THE MOON",2
"SICKO MODE","Travis Scott",0
"Stan","Eminem",1
"Stay With Me","Sam Smith",1
"Take Me To Church","Hozier",1
"Thinking out Loud","Ed Sheeran",1
"Umbrella","Rihanna",0
"We Found Love","Rihanna",2
"when the party's over","Billie Eilish",1
"Yonaguni","Bad Bunny",0
"abcdefu","GAYLE",1
"bad guy","Billie Eilish",0
"Bad Romance","Lady Gaga",2
"Bored","Billie Eilish",1
"Bring Me To Life","Evanescence",1
"Can't Feel My Face","The Weeknd",2
"Doin' Time","Lana Del Rey",0
"Don't","Bryson Tiller",1
"EARFQUAKE","Tyler, The Creator",1
"Easy On Me","Adele",1
"Empire State Of Mind","JAY-Z",0
"Give Me Everything (feat. Ne-Yo, Afrojack & Nayer)","Pitbull",2
"Godzilla (feat. Juice WRLD)","Eminem",0
"22","Taylor Swift",2
"Happier","Marshmello",2
"Hey, Soul Sister","Train",2
"HIGHEST IN THE ROOM","Travis Scott",1
"I WANNA BE YOUR SLAVE","Måneskin",2
"In Da Club","50 Cent",2
"In Ha Mood","Ice Spice",0
"Infinity","Jaymes Young",1
"Jocelyn Flores","XXXTENTACION",1
"Leave Before You Love Me (with Jonas Brothers)","Marshmello",2
"Levitating","Dua Lipa",2
"Love The Way You Lie","Eminem",2
"Maria Maria (feat. The Product G&B)","Santana",2
"Moonlight","XXXTENTACION",2
"Needed Me","Rihanna",1
"Only Girl (In The World)","Rihanna",2
"Party","Bad Bunny",1
"Peaches (feat. Daniel Caesar & Giveon)","Justin Bieber",1
"Pepas","Farruko",1
"positions","Ariana Grande",0
"PROVENZA","KAROL G",1
"Pumped Up Kicks","Foster The People",2
"Ric Flair Drip (with Metro Boomin)","Offset",1
"Ride","Twenty One Pilots",1
"Safe And Sound","Capital Cities",2
"See You Again (feat. Charlie Puth)","Wiz Khalifa",1
"Story of My Life","One Direction",1
"Summer","Calvin Harris",2
"Sunflower - Spider-Man: Into the Spider-Verse","Post Malone",2
"Tarot","Bad Bunny",1
"THATS WHAT I WANT","Lil Nas X",2
"The Motto","Tiësto",1
"This Is What You Came For","Calvin Harris",2
"Toxic","Britney Spears",2
"Unforgettable","French Montana",2
"Uptown Funk (feat. Bruno Mars)","Mark Ronson",2
"Waiting For Love","Avicii",2
"We Don't Talk Anymore (feat. Selena Gomez)","Charlie Puth",1
"we fell in love in october","girl in red",1
"Yeah! (feat. Lil Jon & Ludacris)","Usher",2
"7 Years","Lukas Graham",1
"a lot","21 Savage",0
"All The Small Things","blink-182",0
"Baby","Justin Bieber",1
"Better Now","Post Malone",0
"Bruises","Lewis Capaldi",1
"Cake By The Ocean","DNCE",2
"Call Me Maybe","Carly Rae Jepsen",2
"Can't Hold Us (feat. Ray Dalton)","Macklemore & Ryan Lewis",2
"Can't Stop","Red Hot Chili Peppers",2
"Clocks","Coldplay",1
"Congratulations","Post Malone",2
"death bed (coffee for your head)","Powfu",0
"Desesperados","Rauw Alejandro",1
"Don't Start Now","Dua Lipa",2
"Don't You Worry Child - Radio Edit","Swedish House Mafia",0
"Dynamite","BTS",2
"Enemy (with JID) - from the series Arcane League of Legends","Imagine Dragons",1
"Feel So Close - Radio Edit","Calvin Harris",2
"First Class","Jack Harlow",1
"Gasolina","Daddy Yankee",2
"Get Lucky (Radio Edit) [feat. Pharrell Williams and Nile Rodgers]","Daft Punk",2
"Hate It Or Love It","The Game",1
"Heartbreak Anniversary","Giveon",1
"Hey Ya!","Outkast",2
"I Gotta Feeling","Black Eyed Peas",2
"I Like Me Better","Lauv",1
"I Want It That Way","Backstreet Boys",1
"INDUSTRY BABY (feat. Jack Harlow)","Lil Nas X",2
"Just Give Me a Reason (feat. Nate Ruess)","P!nk",1
"Leave The Door Open","Bruno Mars",0
"Lo Siento BB:/ (with Bad Bunny & Julieta Venegas)","Tainy",0
"Lose You To Love Me","Selena Gomez",1
"Love You Like A Love Song","Selena Gomez & The Scene",2
"Mask Off","Future",0
"MIDDLE CHILD","J. Cole",1
"Mood (feat. iann dior)","24kGoldn",2
"Moth To A Flame (with The Weeknd)","Swedish House Mafia",1
"Ms. Jackson","Outkast",2
"My Universe","Coldplay",1
"My Universe","Coldplay",1
"No Lie","Sean Paul",1
"Party In The U.S.A.","Miley Cyrus",1
"Rolling in the Deep","Adele",2
"SAD!","XXXTENTACION",1
"Save Your Tears (with Ariana Grande) (Remix)","The Weeknd",2
"Sex on Fire","Kings of Leon",0
"Smack That","Akon",2
"Someone Like You","Adele",1
"Sorry","Justin Bieber",1
"Stereo Hearts (feat. Adam Levine)","Gym Class Heroes",2
"Streets","Doja Cat",1
"Stronger","Kanye West",1
"Sugar","Maroon 5",2
"thank u, next","Ariana Grande",1
"The Box","Roddy Ricch",2
"The Middle","Jimmy Eat World",0
"The Reason","Hoobastank",1
"The Way I Are","Timbaland",2
"TiK ToK","Kesha",2
"Timber (feat. Ke$ha)","Pitbull",2
"Titanium (feat. Sia)","David Guetta",1
"Whenever Wherever","Shakira",2
"Wow.","Post Malone",1
"XO Tour Llif3","Lil Uzi Vert",0
"Yes Indeed","Lil Baby",1
"You Right","Doja Cat",1
"A Thousand Years","Christina Perri",1
"About Damn Time","Lizzo",2
"All I Want","Kodaline",0
"Alright","Kendrick Lamar",2
"Animals","Maroon 5",0
"Bam Bam (feat. Ed Sheeran)","Camila Cabello",2
"Bitch Better Have My Money","Rihanna",1
"Candy Shop","50 Cent",2
"Chasing Cars","Snow Patrol",1
"Classic","MKTO",2
"Dancing On My Own","Calum Scott",1
"Despacito","Luis Fonsi",0
"Dog Days Are Over","Florence + The Machine",0
"Don't Let Me Down","The Chainsmokers",0
"Don't Stop The Music","Rihanna",2
"Dynamite","Taio Cruz",2
"Electric Love","BØRNS",2
"Going Bad (feat. Drake)","Meek Mill",1
"Happy - From ""Despicable Me 2","Pharrell Williams",0
"Heathens","Twenty One Pilots",1
"Homecoming","Kanye West",2
"I Fall Apart","Post Malone",0
"I Feel It Coming","The Weeknd",2
"If I Ain't Got You","Alicia Keys",1
"I'm Yours","Jason Mraz",0
"In the Name of Love","Martin Garrix",1
"It's My Life","Bon Jovi",2
"Kings & Queens","Ava Max",1
"Kiss Me More (feat. SZA)","Doja Cat",2
"LA NOCHE DE ANOCHE","Bad Bunny",1
"Let You Down","NF",0
"Levels - Radio Edit","Avicii",2
"Little Dark Age","MGMT",2
"Lose Yourself","Eminem",0
"Love Me","Lil Wayne",1
"love nwantiti (ah ah ah)","CKay",1
"Love Story (Taylor’s Version)","Taylor Swift",1
"Low (feat. T-Pain)","Flo Rida",1
"Maneater","Nelly Furtado",2
"Mercy","Shawn Mendes",0
"Moves Like Jagger - Studio Recording From ""The Voice"" Performance","Maroon 5",2
"New Rules","Dua Lipa",2
"Not Afraid","Eminem",2
"Otherside","Red Hot Chili Peppers",1
"Outside (feat. Ellie Goulding)","Calvin Harris",1
"Poker Face","Lady Gaga",2
"Ransom","Lil Tecca",0
"RAPSTAR","Polo G",1
"Reckless","Madison Beer",0
"Robbery","Juice WRLD",1
"Rude","MAGIC!",2
"S&M","Rihanna",2
"Say It Right","Nelly Furtado",2
"Señorita","Shawn Mendes",2
"Silence","Marshmello",0
"Stitches","Shawn Mendes",0
"Stolen Dance","Milky Chance",2
"Stuck with U (with Justin Bieber)","Ariana Grande",0
"Sunshine","OneRepublic",2
"Teenagers","My Chemical Romance",2
"The Next Episode","Dr. Dre",1
"Time of Our Lives","Pitbull",2
"Treasure","Bruno Mars",2
"Wait a Minute!","WILLOW",2
"Wannabe","Spice Girls",2
"What I've Done","Linkin Park",1
"What You Know Bout Love","Pop Smoke",1
"Where Is The Love?","Black Eyed Peas",2
"Wrecking Ball","Miley Cyrus",1
"Young Dumb & Broke","Khalid",0
"...Baby One More Time","Britney Spears",2
"All Falls Down","Kanye West",1
"Back To Black","Amy Winehouse",1
"Beautiful Mistakes (feat. Megan Thee Stallion)","Maroon 5",2
"Before He Cheats","Carrie Underwood",0
"Best Day Of My Life","American Authors",2
"Budapest","George Ezra",1
"Calling My Phone","Lil Tjay",1
"Chandelier","Sia",2
"Complicated","Avril Lavigne",1
"Danza Kuduro","Don Omar",2
"Dark Horse","Katy Perry",1
"DJ Got Us Fallin' In Love (feat. Pitbull)","Usher",2
"DNA.","Kendrick Lamar",0
"Drag Me Down","One Direction",0
"Everybody Talks","Neon Trees",0
"Faded","Alan Walker",0
"Forgot About Dre","Dr. Dre",2
"Gimme More","Britney Spears",1
"Gold Digger","Kanye West",2
"Good Days","SZA",1
"Goodbyes (feat. Young Thug)","Post Malone",0
"Hall of Fame (feat. will.i.am)","The Script",2
"Havana (feat. Young Thug)","Camila Cabello",1
"How to Save a Life","The Fray",1
"How You Remind Me","Nickelback",0
"I Don’t Wanna Live Forever (Fifty Shades Darker)","ZAYN",1
"IDGAF","Dua Lipa",1
"Just Dance","Lady Gaga",2
"Just the Way You Are","Bruno Mars",1
"Kryptonite","3 Doors Down",2
"Little Talks","Of Monsters and Men",1
"Love","Keyshia Cole",1
"Love Me Harder","Ariana Grande",1
"Magnolia","Playboi Carti",0
"MAMIII","Becky G",2
"Mo Bamba","Sheck Wes",0
"MONEY","LISA",0
"More Than You Know","Axwell /\ Ingrosso",2
"NO","Meghan Trainor",2
"Numb / Encore","JAY-Z",2
"Perfect","One Direction",1
"Pon de Replay","Rihanna",1
"Prisoner (feat. Dua Lipa)","Miley Cyrus",2
"Radioactive","Imagine Dragons",0
"Ride It","Regard",2
"Roar","Katy Perry",1
"Royals","Lorde",1
"Rude Boy","Rihanna",0
"Run This Town","JAY-Z",1
"She Will Be Loved - Radio Mix","Maroon 5",1
"Snow (Hey Oh)","Red Hot Chili Peppers",2
"Steal My Girl","One Direction",1
"Super Bass","Nicki Minaj",2
"Take Me Out","Franz Ferdinand",1
"Temperature","Sean Paul",2
"The Business","Tiësto",1
"The Middle","Zedd",1
"This Is The Life","Amy Macdonald",2
"This Love","Maroon 5",2
"Todo De Ti","Rauw Alejandro",1
"Walking On A Dream","Empire of the Sun",2
"WAP (feat. Megan Thee Stallion)","Cardi B",1
"We Can't Stop","Miley Cyrus",1
"Wildest Dreams","Taylor Swift",0
"willow","Taylor Swift",1
"Work","Rihanna",1
"34+35","Ariana Grande",1
"Adventure of a Lifetime","Coldplay",2
"All Of The Lights","Kanye West",0
"Alors on danse - Radio Edit","Stromae",2
"American Idiot","Green Day",0
"Bang Bang","Jessie J",0
"Be Alright","Dean Lewis",1
"Bleed It Out","Linkin Park",0
"boyfriend (with Social House)","Ariana Grande",0
"Can I Be Him","James Arthur",1
"CAN'T STOP THE FEELING! (from DreamWorks Animation's ""TROLLS"")","Justin Timberlake",2
"Cheap Thrills","Sia",2
"Cheerleader - Felix Jaehn Remix Radio Edit","OMI",2
"Con Calma","Daddy Yankee",2
"Cool for the Summer","Demi Lovato",1
"Crazy In Love (feat. Jay-Z)","Beyoncé",2
"DÁKITI","Bad Bunny",1
"Dilemma","Nelly",0
"Disturbia","Rihanna",2
"DOGTOOTH","Tyler, The Creator",2
"Down","Jay Sean",2
"Drops of Jupiter (Tell Me)","Train",1
"Drowning (feat. Kodak Black)","A Boogie Wit da Hoodie",2
"Exchange","Bryson Tiller",0
"Faint","Linkin Park",0
"Fireflies","Owl City",0
"Fluorescent Adolescent","Arctic Monkeys",2
"FourFiveSeconds","Rihanna",0
"Girl on Fire","Alicia Keys",1
"Glad You Came","The Wanted",2
"Go Flex","Post Malone",1
"Grenade","Bruno Mars",1
"Head & Heart (feat. MNEK)","Joel Corry",2
"Heart Attack","Demi Lovato",0
"Hey Brother","Avicii",1
"Hey There Delilah","Plain White T's",1
"Ho Hey","The Lumineers",1
"1973","James Blunt",2
"Hold Me While You Wait","Lewis Capaldi",1
"I Knew You Were Trouble.","Taylor Swift",1
"I Like It","Cardi B",2
"I Took A Pill In Ibiza - Seeb Remix","Mike Posner",2
"In My Mind","Dynoro",1
"INDUSTRY BABY (feat. Jack Harlow)","Lil Nas X",2
"Island In The Sun","Weezer",2
"It Wasn't Me","Shaggy",2
"Just A Lil Bit","50 Cent",1
"Kiss Me More (feat. SZA)","Doja Cat",2
"Like I Can","Sam Smith",1
"Like I'm Gonna Lose You (feat. John Legend)","Meghan Trainor",1
"Locked Away (feat. Adam Levine)","R. City",1
"Lonely","Akon",1
"Love Me Like You Do - From ""Fifty Shades Of Grey","Ellie Goulding",0
"Love Story (Taylor’s Version)","Taylor Swift",1
"Lush Life","Zara Larsson",2
"m y . l i f e (with 21 Savage & Morray)","J. Cole",1
"MIA","Bad Bunny",1
"My Boo","Usher",2
"My Way","Calvin Harris",2
"Nice For What","Drake",2
"Nonstop","Drake",0
"On The Floor","Jennifer Lopez",2
"Oops!...I Did It Again","Britney Spears",2
"Ophelia","The Lumineers",1
"P.I.M.P.","50 Cent",2
"Put Your Records On","Corinne Bailey Rae",1
"Raise Your Glass","P!nk",2
"Rasputin","Majestic",2
"Roses - Imanbek Remix","SAINt JHN",2
"Runaway","Kanye West",1
"Scars To Your Beautiful","Alessia Cara",1
"Scream & Shout","will.i.am",2
"SexyBack (feat. Timbaland)","Justin Timberlake",2
"Sing For The Moment","Eminem",0
"Starships","Nicki Minaj",2
"Still into You","Paramore",2
"Sugar, We're Goin Down","Fall Out Boy",0
"The Monster","Eminem",2
"The Pretender","Foo Fighters",0
"Thinkin Bout You","Frank Ocean",1
"Thnks fr th Mmrs","Fall Out Boy",0
"Thrift Shop (feat. Wanz)","Macklemore & Ryan Lewis",2
"Tongue Tied","GROUPLOVE",1
"When We Were Young","Adele",0
"Whistle","Flo Rida",2
"Wild Ones (feat. Sia)","Flo Rida",1
"All The Things She Said","t.A.T.u.",1
"Am I Wrong","Nico & Vinz",2
"American Boy","Estelle",2
"Bad Blood","Taylor Swift",0
"Bank Account","21 Savage",1
"Beautiful Girls","Sean Kingston",2
"Bertaut","Nadin Amizah",1
"Best Song Ever","One Direction",2
"Black and Yellow","Wiz Khalifa",0
"Blame (feat. John Newman)","Calvin Harris",0
"Break Free","Ariana Grande",1
"Break My Heart","Dua Lipa",1
"Butter","BTS",2
"Can't Tell Me Nothing","Kanye West",1
"changes","XXXTENTACION",1
"Crazy","Gnarls Barkley",2
"Dancing in the Moonlight","Toploader",2
"Dani California","Red Hot Chili Peppers",2
"Déjala Que Vuelva (feat. Manuel Turizo)","Piso 21",0
"Die Young","Kesha",2
"Drive By","Train",2
"Falling","Trevor Daniel",1
"Feel This Moment (feat. Christina Aguilera)","Pitbull",0
"Forever","Chris Brown",1
"FRIENDS","Marshmello",2
"Give It To Me","Timbaland",2
"God is a woman","Ariana Grande",0
"Good Feeling","Flo Rida",2
"Good Time","Owl City",2
"Hawái","Maluma",0
"Headlines","Drake",0
"Him & I (with Halsey)","G-Eazy",1
"Hotline Bling","Drake",2
"How Deep Is Your Love","Calvin Harris",1
"If the World Was Ending (feat. Julia Michaels)","JP Saxe",1
"Into You","Ariana Grande",1
"It Ain't Me (with Selena Gomez)","Kygo",1
"Kids","MGMT",1
"Kiss Me Thru The Phone","Soulja Boy",0
"Like a Stone","Audioslave",1
"Location","Khalid",1
"Location (feat. Burna Boy)","Dave",1
"Look Back at It","A Boogie Wit da Hoodie",1
"Love Galore (feat. Travis Scott)","SZA",1
"Love Story","Taylor Swift",1
"Marry You","Bruno Mars",0
"Me And My Broken Heart","Rixton",0
"Meet Me At Our Spot","THE ANXIETY",1
"Memories (feat. Kid Cudi)","David Guetta",0
"Memories Remix (feat. Nipsey Hussle & YG)","Maroon 5",2
"Midnight City","M83",1
"Midnight Sky","Miley Cyrus",1
"Mirrors","Justin Timberlake",1
"Money In The Grave (Drake ft. Rick Ross)","Drake",1
"Monster","Skillet",2
"no tears left to cry","Ariana Grande",1
"Nothing Breaks Like a Heart (feat. Miley Cyrus)","Mark Ronson",1
"Old Town Road - Remix","Lil Nas X",2
"One More Time","Daft Punk",1
"Paper Planes","M.I.A.",0
"Pop Out (feat. Lil Tjay)","Polo G",0
"Power Trip (feat. Miguel)","J. Cole",1
"Psycho (feat. Ty Dolla $ign)","Post Malone",0
"ROCKSTAR (feat. Roddy Ricch)","DaBaby",1
"Rollin' (Air Raid Vehicle)","Limp Bizkit",2
"Safaera","Bad Bunny",2
"Save That Shit","Lil Peep",1
"Say My Name","Destiny's Child",2
"Say So","Doja Cat",2
"Scared to Be Lonely","Martin Garrix",1
"Sexy Bitch (feat. Akon)","David Guetta",2
"Shotgun","George Ezra",2
"Shower","Becky G",1
"Skyfall","Adele",1
"So Sick","Ne-Yo",1
"So What","P!nk",0
"Stay","Rihanna",1
"Sugar (feat. Francesco Yates)","Robin Schulz",2
"Summer of Love (Shawn Mendes & Tainy)","Shawn Mendes",2
"Supermassive Black Hole","Muse",2
"Team","Lorde",1
"The Lazy Song","Bruno Mars",0
"This Could Be Us","Rae Sremmurd",2
"This Girl (Kungs Vs. Cookin' On 3 Burners)","Kungs",1
"To the Bone","Pamungkas",2
"Unconditionally","Katy Perry",1
"Waves - Robin Schulz Radio Edit","Mr. Probz",1
"Welcome to the Black Parade","My Chemical Romance",1
"What Do You Mean?","Justin Bieber",2
"White Iverson","Post Malone",1
"Young, Wild & Free (feat. Bruno Mars)","Snoop Dogg",1
"A Thousand Miles","Vanessa Carlton",1
"Angel","Shaggy",0
"Are You Gonna Be My Girl","Jet",2
"Astronaut In The Ocean","Masked Wolf",0
"Better Off Alone","Alice Deejay",2
"break up with your girlfriend i'm bored","Ariana Grande",0
"Breaking Me","Topic",2
"Callaita","Bad Bunny",0
"Cheating on You","Charlie Puth",2
"Chill Bill (feat. J. Davi$ & Spooks)","Rob $tone",1
"Clint Eastwood","Gorillaz",0
"Club Can't Handle Me (feat. David Guetta)","Flo Rida",2
"Collard Greens","ScHoolboy Q",0
"Counting Stars","OneRepublic",1
"Dance, Dance","Fall Out Boy",2
"Dear Maria, Count Me In","All Time Low",0
"Diamonds","Rihanna",1
"Drive","Incubus",2
"Drop It Like It's Hot","Snoop Dogg",2
"Earned It (Fifty Shades Of Grey) - From The ""Fifty Shades Of Grey"" Soundtrack","The Weeknd",1
"Elastic Heart","Sia",0
"Family Affair","Mary J. Blige",2
"Feels (feat. Pharrell Williams, Katy Perry & Big Sean)","Calvin Harris",2
"Firestone","Kygo",1
"Get Busy","Sean Paul",2
"Girls Want Girls (with Lil Baby)","Drake",1
"Glorious (feat. Skylar Grey)","Macklemore",0
"Here Without You","3 Doors Down",0
"Here's Your Perfect","Jamie Miller",1
"How We Do","The Game",2
"I Don't Care (with Justin Bieber)","Ed Sheeran",2
"i hate u i love u (feat. olivia o'brien)","gnash",1
"I Miss You","blink-182",1
"Impossible","James Arthur",0
"It Will Rain","Bruno Mars",0
"It's Not Living (If It's Not With You)","The 1975",2
"Just Can’t Get Enough","Black Eyed Peas",1
"La Tortura (feat. Alejandro Sanz)","Shakira",2
"Lady - Hear Me Tonight","Modjo",2
"Lantas","Juicy Luicy",1
"Lean On (feat. MØ & DJ Snake)","Major Lazer",1
"Life Goes On","BTS",1
"Life Goes On","Oliver Tree",1
"Love Me Again","John Newman",1
"Malibu","Miley Cyrus",0
"Mambo No. 5 (a Little Bit of...)","Lou Bega",0
"Me & U","Cassie",2
"Me, Myself & I","G-Eazy",1
"My House","Flo Rida",2
"On Top Of The World","Imagine Dragons",2
"One More Night","Maroon 5",2
"Permission to Dance","BTS",2
"Physical","Dua Lipa",0
"Piece Of Your Heart","MEDUZA",2
"Problem","Ariana Grande",2
"Pump It","Black Eyed Peas",0
"Replay","Iyaz",1
"Right Round","Flo Rida",2
"Rock Your Body","Justin Timberlake",2
"ROXANNE","Arizona Zervas",1
"17","MK",2
"Side To Side","Ariana Grande",0
"Sk8er Boi","Avril Lavigne",0
"SOS","Rihanna",0
"Take A Bow","Rihanna",1
"Taki Taki (with Selena Gomez & Ozuna & Cardi B)","DJ Snake",2
"Te Boté - Remix","Nio Garcia",1
"The Kill","Thirty Seconds To Mars",0
"Tusa","KAROL G",2
"Unwritten","Natasha Bedingfield",2
"Use Somebody","Kings of Leon",0
"Valerie (feat. Amy Winehouse) - Version Revisited","Mark Ronson",2
"Video Games","Lana Del Rey",1
"Waka Waka (This Time for Africa) [The Official 2010 FIFA World Cup (TM) Song] (feat. Freshlyground)","Shakira",2
"We Are Young (feat. Janelle Monáe)","fun.",0
"When You Were Young","The Killers",0
"Who Says","Selena Gomez & The Scene",2
"Womanizer","Britney Spears",0
"Work from Home (feat. Ty Dolla $ign)","Fifth Harmony",2
"1-800-273-8255","Logic",1
"21 Questions","50 Cent",2
"3 Nights","Dominic Fike",2
"Are You With Me","Lost Frequencies",1
"Barbie Girl","Aqua",2
"Beauty And A Beat","Justin Bieber",2
"Best of You","Foo Fighters",0
"Bleeding Love","Leona Lewis",1
"Blurred Lines","Robin Thicke",2
"Body","Loud Luxury",2
"Break Your Heart","Taio Cruz",2
"Buy U a Drank (Shawty Snappin') (feat. Yung Joc)","T-Pain",1
"By the Way","Red Hot Chili Peppers",1
"California Gurls","Katy Perry",1
"Call on Me - Radio Mix","Eric Prydz",1
"Can't Get You out of My Head","Kylie Minogue",2
"Clarity","Zedd",1
"Cooler Than Me - Single Mix","Mike Posner",2
"Dance Monkey","Tones And I",1
"DARE","Gorillaz",2
"Don't Call Me Up","Mabel",1
"Don't Know Why","Norah Jones",1
"Eastside (with Halsey & Khalid)","benny blanco",1
"Envolver","Anitta",1
"Everybody (Backstreet's Back) - Radio Edit","Backstreet Boys",2
"F**kin' Problems (feat. Drake, 2 Chainz & Kendrick Lamar)","A$AP Rocky",2
"Face Down","The Red Jumpsuit Apparatus",1
"Firework","Katy Perry",2
"Halo","Beyoncé",1
"Hear Me Now","Alok",1
"Hello","Adele",1
"Higher Love","Kygo",1
"Hot In Herre","Nelly",2
"Human","The Killers",0
"Hung Up","Madonna",1
"ily (i love you baby) (feat. Emilee)","Surf Mesa",1
"In My Feelings","Drake",1
"In The Night","The Weeknd",0
"In Too Deep","Sum 41",2
"Intentions (feat. Quavo)","Justin Bieber",2
"International Love (feat. Chris Brown)","Pitbull",2
"Jealous","Labrinth",1
"Let Me Blow Ya Mind","Eve",2
"Let Me Go (with Alesso, Florida Georgia Line & watt)","Hailee Steinfeld",2
"Live Your Life","T.I.",0
"2002","Anne-Marie",2
"Losin Control","Russ",1
"Love On Top","Beyoncé",2
"Low Life (feat. The Weeknd)","Future",1
"Middle","DJ Snake",1
"MONTERO (Call Me By Your Name)","Lil Nas X",0
"Motley Crew","Post Malone",1
"Nevermind","Dennis Lloyd",1
"Nights Like This (feat. Ty Dolla $ign)","Kehlani",0
"No Hands (feat. Roscoe Dash & Wale)","Waka Flocka Flame",1
"oui","Jeremih",1
"Paris","The Chainsmokers",1
"Part Of Me","Katy Perry",2
"Perfect Strangers","Jonas Blue",2
"Pompeii","Bastille",2
"Praise God","Kanye West",1
"Price Tag","Jessie J",0
"Pure Water (with Migos)","Mustard",0
"Renegades","X Ambassadors",1
"Reptilia","The Strokes",0
"Ride Wit Me","Nelly",2
"Runaway (U & I)","Galantis",1
"Savage Love (Laxed - Siren Beat)","Jawsh 685",0
"Say It","Tory Lanez",1
"Secreto","Anuel AA",2
"Secrets","OneRepublic",0
"She Wolf","Shakira",2
"Slow Hands","Niall Horan",2
"Smooth Criminal","Alien Ant Farm",2
"Snowman","Sia",1
"Stir Fry","Migos",0
"Stole the Show","Kygo",1
"Stronger (What Doesn't Kill You)","Kelly Clarkson",2
"Sucker for Pain (with Wiz Khalifa & Imagine Dragons & Logic & Ty Dolla $ign feat. X Ambassadors)","Lil Wayne",0
"Sunday Best","Surfaces",2
"Swalla (feat. Nicki Minaj & Ty Dolla $ign)","Jason Derulo",2
"Swang","Rae Sremmurd",1
"Take Care","Drake",1
"Take You Dancing","Jason Derulo",2
"Talking to the Moon","Bruno Mars",0
"The Climb","Miley Cyrus",0
"THE SCOTTS","THE SCOTTS",1
"Vaina Loca","Ozuna",2
"We Are Never Ever Getting Back Together","Taylor Swift",2
"Wild Thoughts (feat. Rihanna & Bryson Tiller)","DJ Khaled",2
"Without Me","Halsey",0
"You're Beautiful","James Blunt",1
"You've Got The Love","Florence + The Machine",1
"ZEZE (feat. Travis Scott & Offset)","Kodak Black",1
"679 (feat. Remy Boyz)","Fetty Wap",0
"Airplanes (feat. Hayley Williams of Paramore)","B.o.B",1
"Bad Day","Daniel Powter",0
"Beautiful Day","U2",0
"Beautiful People (feat. Khalid)","Ed Sheeran",1
"Because Of You","Ne-Yo",2
"Behind Blue Eyes","Limp Bizkit",1
"Better Together","Jack Johnson",2
"Black Beatles","Rae Sremmurd",0
"Blueberry Faygo","Lil Mosey",1
"Chasing Pavements","Adele",1
"China","Anuel AA",2
"Circus","Britney Spears",2
"Cleanin' Out My Closet","Eminem",2
"Crank That (Soulja Boy)","Soulja Boy",2
"Cry Me a River","Justin Timberlake",1
"Dancing With A Stranger (with Normani)","Sam Smith",1
"Dangerous Woman","Ariana Grande",1
"Destination Calabria - Radio Edit","Alex Gaudino",1
"Domino","Jessie J",2
"Down On Me","Jeremih",0
"Eenie Meenie","Sean Kingston",2
"Fast Car","Jonas Blue",1
"Fat Lip","Sum 41",0
"Girlfriend","Avril Lavigne",0
"Good as Hell","Lizzo",2
"Good Life","Kanye West",1
"Habits (Stay High)","Tove Lo",1
"History","One Direction",2
"Hold On, We're Going Home","Drake",1
"I Don't Fuck With You","Big Sean",1
"I Hate Everything About You","Three Days Grace",1
"i'm so tired...","Lauv",1
"In My Place","Coldplay",0
"Infinity 2008 - Klaas Vocal Edit","Guru Josh Project",0
"Just A Dream","Nelly",1
"King Kunta","Kendrick Lamar",1
"L'Amour Toujours","Gigi D'Agostino",2
"Last Friday Night (T.G.I.F.)","Katy Perry",2
"Latch","Disclosure",1
"Let Me Love You","Mario",1
"Levitating (feat. DaBaby)","Dua Lipa",2
"Life is a Highway","Rascal Flatts",2
"Like A G6","Far East Movement",2
"Little Do You Know","Alex & Sierra",0
"Little Things","One Direction",1
"Live While We're Young","One Direction",2
"Loco Contigo (feat. J. Balvin & Tyga)","DJ Snake",0
"Meant to Be (feat. Florida Georgia Line)","Bebe Rexha",0
"Mi Gente","J Balvin",1
"Mine","Bazzi",2
"Misery Business","Paramore",0
"Naive","The Kooks",2
"No One","Alicia Keys",1
"Nothin' on You (feat. Bruno Mars)","B.o.B",2
"One Call Away","Charlie Puth",1
"Paralyzer","Finger Eleven",2
"Plain Jane","A$AP Ferg",0
"pov","Ariana Grande",1
"Rain On Me (with Ariana Grande)","Lady Gaga",2
"Rockabye (feat. Sean Paul & Anne-Marie)","Clean Bandit",2
"Roses","The Chainsmokers",1
"Sail","AWOLNATION",1
"212","Azealia Banks",2
"Shake That","Eminem",2
"Shout Out to My Ex","Little Mix",2
"Soltera - Remix","Lunay",2
"Somebody Else","The 1975",1
"Springsteen","Eric Church",2
"Stacy's Mom","Fountains Of Wayne",2
"Take A Look Around","Limp Bizkit",1
"The A Team","Ed Sheeran",1
"The Heart Wants What It Wants","Selena Gomez",2
"The Motto","Drake",0
"Too Good","Drake",1
"Trap Queen","Fetty Wap",2
"Troublemaker (feat. Flo Rida)","Olly Murs",2
"Under Control (feat. Hurts)","Calvin Harris",2
"Walk It Talk It","Migos",0
"Want to Want Me","Jason Derulo",2
"Where Have You Been","Rihanna",2
"Where Them Girls At (feat. Nicki Minaj & Flo Rida)","David Guetta",2
"Wherever You Will Go","The Calling",1
"Who Knew","P!nk",0
"With You","Chris Brown",2
"X","Nicky Jam",0
"You And Me","Lifehouse",0
"Your Power","Billie Eilish",1
"4 Minutes (feat. Justin Timberlake & Timbaland)","Madonna",2
"Adan y Eva","Paulo Londra",0
"Ain't It Fun","Paramore",2
"Ain't Nobody (Loves Me Better) (feat. Jasmine Thompson)","Felix Jaehn",1
"All Summer Long","Kid Rock",2
"Apologize","OneRepublic",1
"Ayo","Chris Brown",2
"Bad and Boujee (feat. Lil Uzi Vert)","Migos",1
"Bad At Love","Halsey",2
"Bandido","Myke Towers",0
"Bartender (feat. Akon)","T-Pain",1
"Beautiful Liar","Beyoncé",1
"BICHOTA","KAROL G",0
"Black Skinhead","Kanye West",1
"Blue Jeans","GANGGA",1
"Boulevard of Broken Dreams","Green Day",0
"Boyfriend","Justin Bieber",1
"Breaking the Habit","Linkin Park",2
"Breezeblocks","alt-J",0
"Build a Bitch","Bella Poarch",2
"Cool Kids","Echosmith",2
"Dangerously","Charlie Puth",1
"Dirt Road Anthem","Jason Aldean",2
"Disco Inferno","50 Cent",2
"Don't Matter","Akon",1
"Don't Tell 'Em","Jeremih",1
"Everybody's Changing","Keane",1
"Fake Love","Drake",2
"Finesse - Remix: feat. Cardi B","Bruno Mars",2
"Foolish","Ashanti",2
"Forever","Drake",2
"Free Fallin' - Live at the Nokia Theatre Los Angeles CA - December 2007","John Mayer",0
"GIRL LIKE ME","Black Eyed Peas",1
"Hangover","Taio Cruz",2
"Hey Baby (Drop It to the Floor) (feat. T-Pain)","Pitbull",2
"Hot N Cold","Katy Perry",2
"I Bet You Look Good On The Dancefloor","Arctic Monkeys",2
"I Wanna Love You","Akon",1
"Intro","The xx",1
"La Camisa Negra","Juanes",2
"Last Nite","The Strokes",2
"Lego House","Ed Sheeran",0
"Light It Up (feat. Nyla & Fuse ODG) [Remix]","Major Lazer",2
"Loba","Shakira",2
"Look Alive (feat. Drake)","BlocBoy JB",2
"Love Lies (with Normani)","Khalid",0
"Love Song","Sara Bareilles",2
"Loyal (feat. Lil Wayne & Tyga)","Chris Brown",2
"Lust For Life (with The Weeknd)","Lana Del Rey",1
"Magic","Coldplay",1
"Meet Me Halfway","Black Eyed Peas",1
"Moth To A Flame (with The Weeknd)","Swedish House Mafia",1
"My Band","D12",2
"My Love (feat. T.I.)","Justin Timberlake",2
"Need You Now","Lady A",1
"Never Forget You","Zara Larsson",0
"Obsessed","Mariah Carey",1
"OMG (feat. will.i.am)","Usher",1
"On The Floor - Radio Edit","Jennifer Lopez",1
"Only Girl (In The World)","Rihanna",2
"Papaoutai","Stromae",1
"Paparazzi","Lady Gaga",1
"Party Rock Anthem","LMFAO",1
"Please Me","Cardi B",2
"Prayer in C - Robin Schulz Radio Edit","Lilly Wood and The Prick",2
"Rather Be (feat. Jess Glynne)","Clean Bandit",2
"Run It! (feat. Juelz Santana)","Chris Brown",1
"S&M","Rihanna",2
"Send My Love (To Your New Lover)","Adele",0
"She Looks So Perfect","5 Seconds of Summer",0
"Sit Still, Look Pretty","Daya",2
"Suddenly I See","KT Tunstall",2
"Suga Suga","Baby Bash",1
"Summertime Sadness (Lana Del Rey Vs. Cedric Gervais) - Cedric Gervais Remix","Lana Del Rey",1
"Superheroes","The Script",0
"Sweet Nothing (feat. Florence Welch)","Calvin Harris",2
"Symphony (feat. Zara Larsson)","Clean Bandit",1
"Teenage Dirtbag","Wheatus",2
"Teenage Dream","Katy Perry",2
"Telephone","Lady Gaga",2
"Thank You","Dido",2
"Therefore I Am","Billie Eilish",2
"These Days (feat. Jess Glynne, Macklemore & Dan Caplen)","Rudimental",2
"Through The Wire","Kanye West",2
"Trip","Ella Mai",1
"Waiting On the World to Change","John Mayer",0
"We Belong Together","Mariah Carey",2
"We're Good","Dua Lipa",2
"What the Hell","Avril Lavigne",0
"What You Know","Two Door Cinema Club",2
"Whatever You Like","T.I.",0
"What's Luv? (feat. Ja-Rule & Ashanti)","Fat Joe",2
"When The Sun Goes Down","Arctic Monkeys",0
"Where Are Ü Now (with Justin Bieber)","Jack Ü",0
"Worth It (feat. Kid Ink)","Fifth Harmony",2
"You Found Me","The Fray",0
"Your Body Is a Wonderland","John Mayer",2
"2 On (feat. ScHoolboy Q)","Tinashe",1
"Afterglow","Ed Sheeran",1
"Antidote","Travis Scott",1
"Anyone","Justin Bieber",1
"Apologize","Timbaland",1
"At My Worst","Pink Sweat$",2
"Back To December","Taylor Swift",0
"Baila Conmigo (with Rauw Alejandro)","Selena Gomez",0
"Because of You","Kelly Clarkson",0
"Best Friend (feat. Doja Cat)","Saweetie",1
"Billionaire (feat. Bruno Mars)","Travie McCoy",2
"Bodak Yellow","Cardi B",2
"Bonita","J Balvin",2
"Bottoms Up (feat. Nicki Minaj)","Trey Songz",1
"Bubbly","Colbie Caillat",1
"Burn","Ellie Goulding",1
"Burn","Usher",2
"Butterfly","Crazy Town",2
"Caroline","Aminé",2
"Come & Get It","Selena Gomez",1
"Controlla","Drake",1
"Dangerous","Kardinal Offishall",2
"Don't","Ed Sheeran",2
"Don't Cha","The Pussycat Dolls",2
"double take","dhruv",1
"Drunk in Love (feat. Jay-Z)","Beyoncé",0
"Échame La Culpa","Luis Fonsi",2
"Every Teardrop Is a Waterfall","Coldplay",1
"Far Away","Nickelback",0
"Genie In a Bottle","Christina Aguilera",0
"Giant (with Rag'n'Bone Man)","Calvin Harris",2
"Good Life","OneRepublic",2
"Grace","Lewis Capaldi",1
"Grace Kelly","MIKA",2
"Green Light","Lorde",1
"Headstrong","Trapt",0
"Heroes (we could be)","Alesso",1
"I Know What You Did Last Summer","Shawn Mendes",2
"I Know What You Want (feat. Flipmode Squad)","Busta Rhymes",1
"I Need Your Love (feat. Ellie Goulding)","Calvin Harris",2
"I'm with You","Avril Lavigne",0
"Jar of Hearts","Christina Perri",1
"Leave a Light On","Tom Walker",1
"Lemonade","Internet Money",0
"Let It Go","James Bay",0
"Let's Fall in Love for the Night","FINNEAS",1
"Life Is Good (feat. Drake)","Future",0
"Lost Boy","Ruth B.",1
"Love in This Club (feat. Young Jeezy)","Usher",0
"LoveGame","Lady Gaga",2
"Money","Cardi B",1
"Mr. Saxobeat - Radio Edit","Alexandra Stan",2
"My Love (feat. Jess Glynne)","Route 94",2
"No Air (feat. Chris Brown)","Jordin Sparks",0
"No Type","Rae Sremmurd",1
"Primadonna","MARINA",1
"Reality","Lost Frequencies",2
"Rehab","Amy Winehouse",2
"Remember the Name (feat. Styles of Beyond)","Fort Minor",2
"Replay","Iyaz",1
"Rise","Jonas Blue",2
"River (feat. Ed Sheeran)","Eminem",2
"Roar","Katy Perry",0
"Shape of My Heart","Backstreet Boys",1
"Shotta Flow (feat. Blueface) [Remix]","NLE Choppa",2
"Since U Been Gone","Kelly Clarkson",1
"Sky Walker (feat. Travis Scott)","Miguel",0
"Slide (feat. Frank Ocean & Migos)","Calvin Harris",2
"SOS (feat. Aloe Blacc)","Avicii",1
"Spectrum (Say My Name) - Calvin Harris Remix","Florence + The Machine",2
"Speed of Sound","Coldplay",1
"Swervin (feat. 6ix9ine)","A Boogie Wit da Hoodie",1
"Taki Taki (feat. Selena Gomez & Ozuna & Cardi B)","DJ Snake",2
"Tequila","Dan + Shay",1
"The One That Got Away","Katy Perry",2
"Unsteady","X Ambassadors",1
"What’s Next","Drake",1
"When Love Takes Over (feat. Kelly Rowland)","David Guetta",2
"When You Love Someone","James TW",1
"X Gon' Give It To Ya","DMX",2
"Yo (Excuse Me Miss)","Chris Brown",1
"You","Lloyd",2
"You Make It Easy","Jason Aldean",0
"03' Bonnie & Clyde","JAY-Z",1
"Alejandro","Lady Gaga",1
"Alone","Marshmello",0
"A-Punk","Vampire Weekend",0
"Back To You","Selena Gomez",1
"Bulletproof","La Roux",2
"Burnin' Up","Jonas Brothers",2
"Cold (feat. Future)","Maroon 5",1
"Cold Water (feat. Justin Bieber & MØ)","Major Lazer",1
"Crack A Bottle","Eminem",0
"Day 'N' Nite (Nightmare)","Kid Cudi",2
"do re mi","blackbear",1
"ELEMENT.","Kendrick Lamar",0
"Empire State of Mind (Part II) Broken Down","Alicia Keys",1
"Everything","Michael Bublé",1
"Fetish (feat. Gucci Mane)","Selena Gomez",1
"Fire Burning","Sean Kingston",2
"Follow Me","Uncle Kracker",2
"Hate That I Love You","Rihanna",2
"High By The Beach","Lana Del Rey",1
"Higher","Creed",0
"Hold Back The River","James Bay",0
"Home","Phillip Phillips",1
"Hot N*gga","Bobby Shmurda",0
"How Do You Sleep?","Sam Smith",1
"Hurricane","Kanye West",1
"Hurts So Good","Astrid S",1
"I Kissed A Girl","Katy Perry",2
"I Need a Girl (Pt. 2) [feat. Loon & Ginuwine & Mario Winans]","Diddy",0
"I'm Like A Bird","Nelly Furtado",1
"I'm Still in Love with You (feat. Sasha)","Sean Paul",2
"Jackie Chan","Tiësto",2
"Jenny from the Block (feat. Jadakiss & Styles P.) - Track Masters Remix","Jennifer Lopez",2
"Jumpin' Jumpin'","Destiny's Child",2
"Jumpman","Drake",2
"King","Years & Years",1
"Kiss Kiss (feat. T-Pain)","Chris Brown",0
"Look At Me Now (feat. Lil' Wayne & Busta Rhymes)","Chris Brown",0
"Man Of The Year","ScHoolboy Q",1
"Mercy","Kanye West",0
"Never Say Never","Justin Bieber",2
"On The Ground","ROSÉ",0
"One Only","Pamungkas",0
"Otro Trago","Sech",0
"Party Up","DMX",0
"Pesan Terakhir","Lyodra",1
"Ride","Lana Del Rey",1
"Right Now (Na Na Na)","Akon",2
"Roses","Outkast",1
"Same Old Love","Selena Gomez",1
"She Doesn't Mind","Sean Paul",2
"She Hates Me","Puddle Of Mudd",2
"She Moves In Her Own Way","The Kooks",0
"Shivers","Ed Sheeran",2
"Skinny Love","Birdy",0
"Skinny Love","Bon Iver",1
"Someday","The Strokes",2
"Someday","Nickelback",0
"Sway","Michael Bublé",2
"Taste (feat. Offset)","Tyga",1
"Te Amo","Rihanna",0
"Time to Pretend","MGMT",1
"Too Little Too Late","JoJo",2
"Touch The Sky","Kanye West",2
"Trouble","Cage The Elephant",1
"Tuesday (feat. Danelle Sandoval)","Burak Yeter",2
"U Got It Bad","Usher",2
"U Remind Me","Usher",2
"Unfaithful","Rihanna",0
"Up","Cardi B",0
"Water Under the Bridge","Adele",1
"We R Who We R","Kesha",2
"What Goes Around.../...Comes Around (Interlude)","Justin Timberlake",1
"Whatcha Say","Jason Derulo",0
"When I Grow Up","The Pussycat Dolls",1
"Whoopty","CJ",0
"Without You (feat. Usher)","David Guetta",1
"WITHOUT YOU (with Miley Cyrus)","The Kid LAROI",1
"1 2 3 (feat. Jason Derulo & De La Ghetto)","Sofía Reyes",2
"7 Days","Craig David",2
"All My Friends (feat. Tinashe & Chance the Rapper)","Snakehips",1
"All Night","The Vamps",0
"Amazed","Lonestar",0
"As Good As I Once Was","Toby Keith",2
"Bad Things (with Camila Cabello)","Machine Gun Kelly",0
"Banana Pancakes","Jack Johnson",2
"Bangarang (feat. Sirah)","Skrillex",2
"Beautiful Soul","Jesse McCartney",2
"BedRock","Young Money",0
"Beggin (original version)","Madcon",2
"Beverly Hills","Weezer",2
"Big Girls Don't Cry (Personal)","Fergie",1
"Big Pimpin'","JAY-Z",2
"Body","Megan Thee Stallion",1
"Brianstorm","Arctic Monkeys",0
"Confessions Part II","Usher",2
"Do It Again","Pia Mia",1
"Donald Trump","Mac Miller",2
"emotions","iann dior",1
"FEFE","6ix9ine",1
"Get the Party Started","P!nk",2
"Goodbye My Lover","James Blunt",1
"Hold On","Justin Bieber",0
"Hollaback Girl","Gwen Stefani",2
"Home","Michael Bublé",1
"Home (with Machine Gun Kelly, X Ambassadors & Bebe Rexha)","Machine Gun Kelly",1
"I Need A Doctor","Dr. Dre",0
"If U Seek Amy","Britney Spears",2
"I'm a Slave 4 U","Britney Spears",2
"I'm Sprung","T-Pain",1
"I'm the One (feat. Justin Bieber, Quavo, Chance the Rapper & Lil Wayne)","DJ Khaled",2
"Irreplaceable","Beyoncé",0
"iSpy (feat. Lil Yachty)","KYLE",2
"Let Her Go","Passenger",1
"Lollipop","Lil Wayne",0
"Lost Cause","Billie Eilish",1
"MotorSport","Migos",1
"My Sacrifice","Creed",0
"New Flame (feat. Usher & Rick Ross)","Chris Brown",0
"No Limit","G-Eazy",0
"One Time","Justin Bieber",0
"Panini","Lil Nas X",0
"Play Hard (feat. Ne-Yo & Akon)","David Guetta",2
"Plug Walk","Rich The Kid",1
"Pray For Me (with Kendrick Lamar)","The Weeknd",1
"Princess of China","Coldplay",1
"Rockstar","Nickelback",0
"Sandstorm","Darude",0
"Saturday Sun","Vance Joy",2
"Say Something (feat. Chris Stapleton)","Justin Timberlake",1
"Shut Up And Drive","Rihanna",2
"Sing","Ed Sheeran",2
"Sit Next to Me","Foster The People",2
"Skate","Bruno Mars",2
"Slide Away","Miley Cyrus",0
"Slow Jamz","Twista",0
"Smile","Lily Allen",2
"Sofia","Alvaro Soler",2
"Sonnentanz - Sun Don't Shine","Klangkarussell",1
"Spotlight","Marshmello",0
"Stickwitu","The Pussycat Dolls",1
"Stop Crying Your Heart Out","Oasis",1
"Suge","DaBaby",2
"Survivor","Destiny's Child",0
"Talk (feat. Disclosure)","Khalid",1
"The Ocean (feat. Shy Martin)","Mike Perry",1
"The Show Goes On","Lupe Fiasco",0
"The Time (Dirty Bit)","Black Eyed Peas",2
"This Ain't A Scene, It's An Arms Race","Fall Out Boy",0
"This Is America","Childish Gambino",1
"Thong Song","Sisqo",2
"Tonight Tonight","Hot Chelle Rae",2
"Turn Down for What","DJ Snake",1
"We Own It (Fast & Furious)","2 Chainz",0
"Youth of the Nation","P.O.D.",1
"7/11","Beyoncé",0
"A Milli","Lil Wayne",0
"After School","Weeekly",0
"Again","Lenny Kravitz",2
"Alaska","Maggie Rogers",1
"Axel F","Crazy Frog",2
"Bailando - Spanish Version","Enrique Iglesias",2
"Beautiful","Christina Aguilera",1
"Beneath Your Beautiful (feat. Emeli Sandé)","Labrinth",1
"Best Thing I Never Had","Beyoncé",1
"Better","Khalid",1
"Boom Boom Pow","Black Eyed Peas",2
"Bounce Back","Big Sean",1
"Breathless","The Corrs",2
"Broken Strings","James Morrison",1
"Buttons","The Pussycat Dolls",0
"Candy","Robbie Williams",2
"Can't Fight The Moonlight","LeAnn Rimes",2
"Clout (feat. Cardi B)","Offset",0
"Corazón (feat. Nego do Borel)","Maluma",0
"Country Grammar (Hot Shit)","Nelly",0
"Dakota","Stereophonics",0
"Daylight","Maroon 5",1
"Deuces (feat. Tyga & Kevin McCall)","Chris Brown",1
"Do You Remember","Jay Sean",2
"Don't Wanna Know (feat. Kendrick Lamar)","Maroon 5",1
"DONTTRUSTME","3OH!3",2
"DUELE EL CORAZON (feat. Wisin)","Enrique Iglesias",2
"Fancy","Iggy Azalea",1
"Freaky Friday (feat. Chris Brown)","Lil Dicky",2
"Get Up (Rattle) [feat. Far East Movement] - Vocal Edit","Bingo Players",2
"Get Ur Freak On","Missy Elliott",0
"Gives You Hell","The All-American Rejects",1
"H.O.L.Y.","Florida Georgia Line",1
"Hands To Myself","Selena Gomez",1
"Haven't Met You Yet","Michael Bublé",2
"He Wasn't Man Enough","Toni Braxton",2
"Here","Alessia Cara",1
"Higher Power","Coldplay",0
"I Believe in a Thing Called Love","The Darkness",2
"I Could Be The One (Avicii Vs. Nicky Romero) - Radio Edit","Avicii",2
"I Don't Wanna Know (feat. Enya & P. Diddy) - 2016 Remaster","Mario Winans",1
"I Love It (feat. Charli XCX)","Icona Pop",2
"I Write Sins Not Tragedies","Panic! At The Disco",0
"I'm On One","DJ Khaled",0
"It Girl","Jason Derulo",1
"Jesus Walks","Kanye West",2
"Just Like Fire (From the Original Motion Picture ""Alice Through The Looking Glass"")","P!nk",0
"Just Lose It","Eminem",2
"Keep Your Head Up","Andy Grammer",2
"Kenangan Manis","Pamungkas",0
"King's Dead (with Kendrick Lamar & Future & James Blake)","Jay Rock",0
"Lifestyles of the Rich & Famous","Good Charlotte",2
"Live Like You Were Dying","Tim McGraw",0
"Lose Yourself to Dance (feat. Pharrell Williams)","Daft Punk",2
"Mercy","Duffy",2
"More - RedOne Jimmy Joker Remix","Usher",2
"Motivation","Normani",0
"My Humps","Black Eyed Peas",2
"My Love","Westlife",0
"My Type","Saweetie",2
"Over My Head (Cable Car)","The Fray",2
"Panda","Desiigner",0
"Pjanoo - Radio Edit","Eric Prydz",2
"Pocketful of Sunshine","Natasha Bedingfield",2
"Post to Be (feat. Chris Brown & Jhene Aiko)","Omarion",2
"Ready or Not","Bridgit Mendler",2
"Ridin'","Chamillionaire",2
"Right Above It","Lil Wayne",1
"Rock DJ","Robbie Williams",2
"Rock Wit U (Awww Baby)","Ashanti",2
"Savin' Me","Nickelback",0
"Second Chance","Shinedown",1
"September Song","JP Cooper",1
"Sexy And I Know It","LMFAO",2
"Sexy Love","Ne-Yo",1
"Show Me (feat. Chris Brown)","Kid Ink",2
"Slippery (feat. Gucci Mane)","Migos",2
"Some Nights","fun.",1
"Superstar","Jamelia",2
"Sweat - Remix","Snoop Dogg",2
"The Edge Of Glory","Lady Gaga",1
"The Greatest (feat. Kendrick Lamar)","Sia",0
"The Sweet Escape","Gwen Stefani",2
"The Way You Move (feat. Sleepy Brown)","Outkast",2
"This Is What It Feels Like","Armin van Buuren",1
"Touch My Body","Mariah Carey",2
"True Love (feat. Lily Allen)","P!nk",0
"Turn Me On","Kevin Lyttle",2
"What Hurts The Most","Rascal Flatts",0
"When I'm Gone","Eminem",2
"When I'm Gone","3 Doors Down",0
"Wherever I Go","OneRepublic",1
"Who's That Chick? (feat. Rihanna)","David Guetta",2
"Wide Awake","Katy Perry",0
"Work Bitch","Britney Spears",2
"Work It","Missy Elliott",2
"Yeah 3x","Chris Brown",2
"You Da One","Rihanna",2
"You Know You Like It","DJ Snake",0
"You Make Me Feel... (feat. Sabi)","Cobra Starship",2
"Your Love Is My Drug","Kesha",2
"2 Phones","Kevin Gates",2
"All Eyes on You (feat. Chris Brown & Nicki Minaj)","Meek Mill",1
"Arcade (feat. FLETCHER)","Duncan Laurence",1
"Ayo Technology","50 Cent",0
"Baby Boy (feat. Sean Paul)","Beyoncé",2
"Barking","Ramz",1
"Be Careful","Cardi B",0
"Big Green Tractor","Jason Aldean",0
"Birthday Sex","Jeremih",1
"Blow","Kesha",2
"Carry Out (Featuring Justin Timberlake)","Timbaland",1
"Chocolate","The 1975",2
"Close","Nick Jonas",1
"Coming Home","Diddy - Dirty Money",0
"Diamonds","Rihanna",1
"Dick (feat. Doja Cat)","StarBoi3",1
"Dirrty (feat. Redman)","Christina Aguilera",1
"E.T.","Katy Perry",0
"Fast Car","Jonas Blue",1
"Hero","Enrique Iglesias",1
"Hit 'Em Up Style (Oops!)","Blu Cantrell",2
"I Just Couldn't Save You Tonight - Story of Kale - Original Motion Picture Soundtrack","Ardhito Pramono",1
"I Miss You (feat. Julia Michaels)","Clean Bandit",1
"I Need A Dollar","Aloe Blacc",2
"If We Ever Meet Again (Featuring Katy Perry)","Timbaland",1
"In the Shadows","The Rasmus",2
"It's Only Me - Studio Version","Kaleb J",1
"It's You","Sezairi",1
"Just Like a Pill","P!nk",1
"Ladbroke Grove","AJ Tracey",2
"Landslide","The Chicks",0
"Last Request","Paolo Nutini",1
"Leave Me Alone","Flipp Dinero",0
"Let Me Love You (Until You Learn To Love Yourself)","Ne-Yo",1
"Like Toy Soldiers","Eminem",1
"Little Lion Man","Mumford & Sons",0
"Lost Without You","Freya Ridings",1
"Lovers And Friends","Lil Jon & The East Side Boyz",0
"Man Down","Rihanna",0
"Maps","Yeah Yeah Yeahs",1
"Mine","Taylor Swift",2
"Move Ya Body","Nina Sky",2
"My Life Would Suck Without You","Kelly Clarkson",0
"Nasty Girl (feat. Diddy & Nelly & Jagged Edge & Avery Storm) - 2005 Remaster","The Notorious B.I.G.",2
"Oblivion","Grimes",0
"One Day / Reckoning Song (Wankelmut Remix) - Radio Edit","Asaf Avidan",2
"Out Of Reach","GABRIELLE",0
"Picture (feat. Sheryl Crow)","Kid Rock",1
"Please Don't Go","Joel Adams",1
"Rich Girl","Gwen Stefani",2
"Right Thurr","Chingy",2
"Rock This Party - Everybody Dance Now","Bob Sinclar",2
"Rumors (feat. Cardi B)","Lizzo",2
"See You Again","Miley Cyrus",2
"Shake It Out","Florence + The Machine",1
"Single Ladies (Put a Ring on It)","Beyoncé",0
"Solo Dance","Martin Jensen",1
"Stay","Rihanna",1
"Steady, As She Goes","The Raconteurs",1
"Strip That Down (feat. Quavo)","Liam Payne",1
"Sunset Lover","Petit Biscuit",1
"Take It Off","Kesha",2
"Toosie Slide","Drake",2
"You Don't Own Me (feat. G-Eazy)","SAYGRACE",0
"You Rock My World","Michael Jackson",2
"Youngblood","5 Seconds of Summer",1
"Yummy","Justin Bieber",0
"Absolutely (Story of a Girl) - Radio Mix","Nine Days",2
"Ain't No Rest For The Wicked - Original Version","Cage The Elephant",0
"All Time Low","Jon Bellion",1
"As Long As You Love Me","Justin Bieber",0
"Battle Scars (with Guy Sebastian)","Lupe Fiasco",0
"Be Without You - Kendu Mix","Mary J. Blige",0
"Because I Got High","Afroman",0
"Black Widow","Iggy Azalea",0
"Blow Me (One Last Kiss)","P!nk",2
"Boo'd Up","Ella Mai",1
"Bye Bye Bye","*NSYNC",0
"Cheap Thrills (feat. Sean Paul)","Sia",2
"Closer","Ne-Yo",2
"Cry for You","September",2
"Dead And Gone","T.I.",0
"Differences","Ginuwine",1
"Dragostea din tei","O-Zone",2
"Drift Away","Uncle Kracker",0
"Fallin'","Alicia Keys",1
"Fighter","Christina Aguilera",0
"For the First Time","The Script",0
"Frontin' (feat. Jay-Z) - Club Mix","Pharrell Williams",2
"Gecko (Overdrive) - Radio Edit","Oliver Heldens",2
"Ghetto Gospel","2Pac",2
"Gimme That","Chris Brown",1
"Goodies (feat. Petey Pablo)","Ciara",2
"High Hopes","Kodaline",1
"Homemade Dynamite (Feat. Khalid & Post Malone & SZA) - REMIX","Lorde",1
"I Cry","Flo Rida",2
"I Don't Like It. I Love It (feat. Robin Thicke & Verdine White)","Flo Rida",2
"I Got U","Duke Dumont",1
"I'm A Believer","Smash Mouth",2
"I'm Upset","Drake",0
"Impossible","Shontelle",1
"Into You (feat. Tamia)","Fabolous",0
"It's A Vibe","2 Chainz",1
"Leave (Get Out)","JoJo",1
"Light On","Maggie Rogers",1
"Lighters","Bad Meets Evil",1
"Locked Up","Akon",1
"Lose Control (feat. Ciara & Fat Man Scoop)","Missy Elliott",2
"Love Don't Cost a Thing","Jennifer Lopez",2
"Love Is A Losing Game","Amy Winehouse",0
"Lucky","Britney Spears",2
"LUV","Tory Lanez",0
"m.A.A.d city","Kendrick Lamar",1
"Mad Love","Mabel",0
"Milkshake","Kelis",2
"Move Your Feet","Junior Senior",2
"My Chick Bad","Ludacris",2
"Never Say Never","The Fray",0
"New Shoes","Paolo Nutini",2
"No Money","Galantis",2
"Post Malone (feat. RANI)","Sam Feldt",2
"Prayer in C - Robin Schulz Radio Edit","Lilly Wood and The Prick",2
"Purple Pills","D12",2
"Put On","Jeezy",0
"Rock The Boat","Aaliyah",1
"Rolex","Ayo & Teo",2
"Rumour Has It","Adele",2
"Shake It","Metro Station",0
"Shape of You","Ed Sheeran",2
"Sing","Travis",0
"Snap Yo Fingers","Lil Jon",2
"Stereo Love - Edit","Edward Maya",2
"Summer Love","Justin Timberlake",1
"Talking Body","Tove Lo",1
"The London (feat. J. Cole & Travis Scott)","Young Thug",1
"There for You","Martin Garrix",1
"Thinking About You (feat. Ayah Marar)","Calvin Harris",2
"This One's for You (feat. Zara Larsson) (Official Song UEFA EURO 2016)","David Guetta",1
"Try Again","Aaliyah",2
"T-Shirt","Migos",0
"Unwell","Matchbox Twenty",1
"Uptown Girl - Radio Edit","Westlife",2
"#thatPOWER","will.i.am",1
"(When You Gonna) Give It Up to Me (feat. Keyshia Cole) - Radio Version","Sean Paul",2
"2U (feat. Justin Bieber)","David Guetta",0
"Adorn","Miguel",0
"Alive","Empire of the Sun",1
"All I Ever Wanted - Radio Edit","Basshunter",0
"All The Right Moves","OneRepublic",0
"Anaconda","Nicki Minaj",2
"Beautiful","Snoop Dogg",2
"Better in Time","Leona Lewis",0
"Black Betty - Edit","Spiderbait",1
"Blah Blah Blah (feat. 3OH!3)","Kesha",2
"Blame It","Jamie Foxx",0
"Bonfire Heart","James Blunt",1
"Breathe","Faith Hill",1
"Burn","Ellie Goulding",1
"Crush","David Archuleta",0
"Dance Wiv Me - Radio Edit","Dizzee Rascal",2
"Dancing in the Moonlight","Toploader",2
"Daughters","John Mayer",1
"Don't Stop the Party (feat. TJR)","Pitbull",2
"Easy Love","Sigala",2
"Everyday","Logic",0
"Everytime","Britney Spears",1
"Fall for You","Secondhand Serenade",0
"Five More Hours","Deorro",2
"gone girl","iann dior",1
"Hot Girl Summer (feat. Nicki Minaj & Ty Dolla $ign)","Megan Thee Stallion",2
"Hotter Than Hell","Dua Lipa",2
"I Don't Mind (feat. Juicy J)","Usher",1
"I Hope You Dance","Lee Ann Womack",0
"I Wanna Go","Britney Spears",2
"I Wanna Know","Joe",0
"If I Were a Boy","Beyoncé",1
"I'm N Luv (Wit a Stripper) (feat. Mike Jones)","T-Pain",0
"I'm Real (feat. Ja Rule) - Murder Remix","Jennifer Lopez",1
"In My Head","Jason Derulo",2
"Independent Women Pt. 1","Destiny's Child",2
"Jealous - Remix","Nick Jonas",1
"Just You and I","Tom Walker",1
"Lady Marmalade - From ""Moulin Rouge"" Soundtrack","Christina Aguilera",2
"Lean Back","Terror Squad",2
"Let Me Think About It","Ida Corr",2
"Let's Go (feat. Ne-Yo)","Calvin Harris",2
"Let's Love","David Guetta",1
"Like You (feat. Ciara)","Bow Wow",1
"MAMACITA","Black Eyed Peas",1
"Melawan Restu","Mahalini",1
"Mountain at My Gates","Foals",2
"My Way (feat. Monty)","Fetty Wap",2
"Naughty Girl","Beyoncé",2
"Now You're Gone (feat. DJ Mental Theo's Bazzheadz) - Video Edit","Basshunter",0
"One (Your Name) - Radio Edit","Swedish House Mafia",2
"Overnight Celebrity","Twista",2
"Read All About It Pt. III","Emeli Sandé",1
"Red Lights","Tiësto",2
"Reload - Radio Edit","Sebastian Ingrosso",1
"Ridin' Solo","Jason Derulo",1
"Save The World","Swedish House Mafia",1
"Scream","Usher",2
"Sexbomb","Tom Jones",2
"Smile","Uncle Kracker",0
"Somethin' Stupid","Robbie Williams",2
"Something","Lasgo",0
"Sorry","Beyoncé",1
"Started From the Bottom","Drake",1
"Suit & Tie (feat. Jay-Z)","Justin Timberlake",1
"Take a Walk","Passion Pit",1
"Teach Me How to Dougie","Cali Swag District",1
"The Ketchup Song (Aserejé) - Spanglish Version","Las Ketchup",0
"The Sound","The 1975",2
"The Way","Ariana Grande",2
"Thrift Shop (feat. Wanz)","Macklemore & Ryan Lewis",2
"Tiimmy Turner","Desiigner",1
"Toothbrush","DNCE",2
"Underneath Your Clothes","Shakira",0
"Weak","Larissa Lambert",1
"What's My Name?","Rihanna",2
"When We Stand Together","Nickelback",0
"Where the Party At (feat. Nelly)","Jagged Edge",2
"You Don't Know Me (feat. RAYE)","Jax Jones",2
"Young Forever","JAY-Z",0
"Akhir Tak Bahagia","Misellia",1
"America","Razorlight",1
"As I Am (feat. Khalid)","Justin Bieber",1
"Beautiful","Akon",2
"Berzerk","Eminem",2
"BIG BANK (feat. 2 Chainz & Big Sean & Nicki Minaj)","YG",0
"Blurry","Puddle Of Mudd",0
"Breakaway","Kelly Clarkson",0
"Breakeven","The Script",1
"C.H.R.I.S.Y.E.","Diskoria",1
"Can't Help but Wait","Trey Songz",2
"Capsize","FRENSHIP",1
"Come on over Baby (All I Want Is You) - Radio Version","Christina Aguilera",2
"Dirty Little Secret","The All-American Rejects",0
"Fight For This Love","Cheryl",2
"Final Song","MØ",1
"Fire","Kasabian",1
"Get Right","Jennifer Lopez",1
"Golden Skans","Klaxons",0
"Heaven","DJ Sammy",0
"Hero (feat. Josey Scott)","Chad Kroeger",0
"Hide Away","Daya",2
"Hideaway","Kiesza",1
"Hypnotized","Purple Disco Machine",2
"Hypnotized (feat. Akon)","Plies",2
"I Need a Girl (Pt. 1) [feat. Usher & Loon]","Diddy",2
"It's Been Awhile","Staind",1
"It's Goin' Down (feat. Nitti)","Yung Joc",2
"Keisha & Becky - Remix","Russ Millions",0
"late at night","Roddy Ricch",1
"Let It Rock","Kevin Rudolf",1
"Lights - Single Version","Ellie Goulding",2
"Little L","Jamiroquai",2
"Lola's Theme - Radio Edit","The Shapeshifters",2
"Magic (feat. Rivers Cuomo)","B.o.B",2
"Melukis Senja","Budi Doremi",1
"Memories (feat. Kid Cudi)","David Guetta",0
"Misery","Maroon 5",2
"Miss Independent","Ne-Yo",0
"Need to Know","Doja Cat",1
"Never Let You Go","Shouse",2
"Never Let You Go - 2008 Remaster","Third Eye Blind",2
"No Letting Go","Wayne Wonder",1
"Not Over You","Gavin DeGraw",0
"One","Mary J. Blige",0
"Ordinary People","John Legend",1
"Outnumbered","Dermot Kennedy",0
"Patience","Take That",0
"Post Malone (feat. RANI)","Sam Feldt",2
"Powerglide (feat. Juicy J) - From SR3MM","Rae Sremmurd",0
"Rake It Up (feat. Nicki Minaj)","Yo Gotti",0
"Release Me","Agnes",2
"Satisfaction - Isak Original Extended","Benny Benassi",1
"Say Hey (I Love You) (feat. Cherine Tanya Anderson)","Michael Franti & Spearhead",2
"She's So Lovely","Scouting For Girls",0
"Silhouettes - Original Radio Edit","Avicii",2
"Slow Down - 12"" Version","Bobby V.",0
"Solar Power","Lorde",2
"Somebody","Natalie La Rose",2
"Stuck Like Glue","Sugarland",2
"t r a n s p a r e n t s o u l feat. Travis Barker","WILLOW",1
"Take Me Back to London (feat. Stormzy)","Ed Sheeran",2
"Take You There","Sean Kingston",2
"That's the Way It Is","Céline Dion",2
"The Man Who Can't Be Moved","The Script",1
"The Riddle","Gigi D'Agostino",2
"Thotiana","Blueface",1
"Till the World Ends","Britney Spears",0
"Tonight (I'm Fuckin' You)","Enrique Iglesias",1
"Trumpets","Jason Derulo",2
"Turn Me On (feat. Nicki Minaj)","David Guetta",1
"U Know What's Up (feat. Lisa ""Left Eye"" Lopes)","Donell Jones",2
"Warwick Avenue","Duffy",0
"Way down We Go","KALEO",1
"We Made You","Eminem",2
"White Walls (feat. ScHoolboy Q & Hollis)","Macklemore & Ryan Lewis",2
"Who Let The Dogs Out","Baha Men",2
"Wish You Were Mine - Radio Edit","Philip George",1
"X (feat. Maluma & Ozuna) - Remix","Nicky Jam",0
"XO","Beyoncé",0
"You Don't Know My Name","Alicia Keys",0
"You Give Me Something","James Morrison",1
"Your Song - Bonus Track","Ellie Goulding",1
"24K Magic","Bruno Mars",2
"34+35 Remix (feat. Doja Cat & Megan Thee Stallion) - Remix","Ariana Grande",2
"6 Foot 7 Foot","Lil Wayne",1
"Ain't No Other Man","Christina Aguilera",2
"All Good Things (Come To An End)","Nelly Furtado",1
"Animal","Neon Trees",0
"Back To Sleep","Chris Brown",2
"Bananza (Belly Dancer)","Akon",2
"Bed","J. Holiday",2
"Belum Siap Kehilangan","Stevan Pasaribu",0
"Black Horse And The Cherry Tree","KT Tunstall",2
"Body Party","Ciara",1
"Bootylicious","Destiny's Child",2
"Bring Em Out","T.I.",2
"Caught Up","Usher",2
"Deja Vu (feat. Jay-Z)","Beyoncé",1
"Do It To It","Cherish",2
"Don't Be so Shy - Filatov & Karas Remix","Imany",2
"Don't Mind","Kent Jones",0
"Flex (Ooh Ooh Ooh)","Rich Homie Quan",2
"Fuck It (I Don't Want You Back)","Eamon",1
"Glamorous","Fergie",2
"Gold Dust - Radio Edit","DJ Fresh",0
"Good Girls Go Bad (feat. Leighton Meester)","Cobra Starship",2
"Good People","Jack Johnson",0
"Grind With Me","Pretty Ricky",1
"HandClap","Fitz and The Tantrums",2
"Heartbeat Song","Kelly Clarkson",0
"Heartbreak Warfare","John Mayer",1
"Here","Alessia Cara",1
"I Hate This Part","The Pussycat Dolls",1
"I Like It","Enrique Iglesias",2
"I Will Follow You into the Dark","Death Cab for Cutie",1
"I Won't Let You Go","James Morrison",1
"Incomplete","Sisqo",1
"It Feels So Good","Sonique",0
"Jai Ho! (You Are My Destiny)","A.R. Rahman",2
"Laffy Taffy","D4L",1
"Left Outside Alone","Anastacia",1
"Like a Boy","Ciara",0
"Like Glue","Sean Paul",2
"Lisztomania","Phoenix",1
"Love Lockdown","Kanye West",1
"Luxurious","Gwen Stefani",2
"Money On My Mind","Sam Smith",2
"No Brainer","DJ Khaled",0
"Old Thing Back (feat. Ja Rule and Ralph Tresvant)","Matoma",2
"Pound The Alarm","Nicki Minaj",2
"Pretty Girl Rock","Keri Hilson",0
"Put It On Me","Ja Rule",2
"Russian Roulette","Rihanna",1
"Sexy Can I","Ray J",0
"Shackles (Praise You)","Mary Mary",2
"Slow Motion","JUVENILE",0
"STARSTRUKK (feat. Katy Perry)","3OH!3",0
"Stay The Night - Featuring Hayley Williams Of Paramore","Zedd",1
"Still Fly","Big Tymers",0
"Superstar (feat. Matthew Santos)","Lupe Fiasco",1
"Take A Picture","Filter",1
"Tears Dry On Their Own","Amy Winehouse",1
"The Tide Is High - Radio Mix","Atomic Kitten",2
"Touch Me (Radio Edit) [feat. Cassandra]","Rui Da Silva",2
"Trick Me","Kelis",2
"Turn Up the Music","Chris Brown",2
"U Don't Have to Call","Usher",2
"Ugly Heart","G.R.L.",1
"Watch Me (Whip / Nae Nae)","Silentó",2
"We No Speak Americano (Edit)","Yolanda Be Cool",2
"What You Know","T.I.",1
"Whole Again","Atomic Kitten",2
"Wiggle (feat. Snoop Dogg)","Jason Derulo",2
"You Know I'm No Good","Amy Winehouse",2
"All For You","Janet Jackson",2
"All Rise","Blue",2
"Angels","The xx",1
"Antisocial (with Travis Scott)","Ed Sheeran",2
"Beg for You (feat. Rina Sawayama)","Charli XCX",2
"Boasty (feat. Idris Elba)","Wiley",1
"Boyfriend","Justin Bieber",1
"Breathe Me","Sia",1
"Can't Let You Go (feat. Mike Shorey & Lil' Mo)","Fabolous",0
"Cool Girl","Tove Lo",1
"Dancing On My Own","Robyn",1
"Desert Rose","Sting",1
"Die A Happy Man","Thomas Rhett",0
"Don't Be so Hard on Yourself","Jess Glynne",2
"Don't Phunk With My Heart","Black Eyed Peas",2
"Don't Wake Me Up","Chris Brown",1
"Don't Wanna Go Home","Jason Derulo",2
"Fergalicious","Fergie",2
"Galvanize","The Chemical Brothers",1
"German","EO",2
"Get It Shawty","Lloyd",2
"Ghost","Ella Henderson",1
"Good Grief","Bastille",2
"Hella Good","No Doubt",2
"Hey Daddy (Daddy's Home)","Usher",1
"Hey Mama","Black Eyed Peas",2
"Holy Grail","JAY-Z",0
"How Low","Ludacris",0
"I Follow Rivers - The Magician Remix","Lykke Li",1
"I Luv Your Girl","The-Dream",1
"I Predict A Riot","Kaiser Chiefs",0
"I'm Outta Love - Radio Edit","Anastacia",2
"In Your Eyes","Kylie Minogue",2
"It's Gonna Be Me","*NSYNC",0
"Joker And The Thief","Wolfmother",0
"Let Me Hold You (feat. Omarion)","Bow Wow",0
"Lose My Breath","Destiny's Child",2
"Lost Without U","Robin Thicke",2
"Make Me Feel","Janelle Monáe",2
"Meant to Live","Switchfoot",0
"Motivation","Kelly Rowland",0
"Mundian To Bach Ke","Panjabi MC",2
"My My My","Armand Van Helden",2
"Na Na","Trey Songz",1
"Never Be Like You","Flume",1
"Never Leave You (Uh Oooh, Uh Oooh)","Lumidee",0
"Peaches & Cream","112",0
"Rehab","Amy Winehouse",2
"RITMO (Bad Boys For Life)","Black Eyed Peas",2
"Rockin' That Shit","The-Dream",1
"Same Love (feat. Mary Lambert)","Macklemore & Ryan Lewis",1
"Sexual","NEIKED",2
"So Gone","Monica",1
"So Good","B.o.B",2
"Sunshine (feat. Lea)","Lil' Flip",2
"Swimming Pools (Drank) - Extended Version","Kendrick Lamar",1
"test drive","Ariana Grande",1
"The Game of Love (feat. Michelle Branch) - Main / Radio Mix","Santana",2
"The Only Exception","Paramore",0
"The Seed (2.0)","The Roots",2
"This Love","Maroon 5",2
"Underneath It All","No Doubt",2
"Want U Back","Cher Lloyd",2
"We Be Burnin'","Sean Paul",2
"We'll Be Coming Back (feat. Example)","Calvin Harris",2
"What a Girl Wants","Christina Aguilera",2
"World of Our Own","Westlife",2
"Air Force Ones","Nelly",0
"Animals - Radio Edit","Martin Garrix",1
"Bad (feat. Rihanna) - Remix","Wale",1
"Bounce (feat. Kelis) - Radio Edit","Calvin Harris",2
"Broccoli (feat. Lil Yachty)","DRAM",2
"Call on Me (Ryan Riback Remix)","Starley",2
"Came Here for Love","Sigala",2
"Changed the Way You Kiss Me - Radio Edit","Example",1
"Counting Stars","OneRepublic",1
"Don't Lie","Black Eyed Peas",2
"Everytime We Touch - Radio Edit","Cascada",0
"Girls Like (feat. Zara Larsson)","Tinie Tempah",2
"Gucci Gang","Lil Pump",2
"GUMMO","6ix9ine",0
"Hanging By A Moment","Lifehouse",2
"Happy","Ashanti",2
"Hot","INNA",2
"Hotel Room Service","Pitbull",2
"How You Gonna Act Like That","Tyrese",1
"I Cry","Flo Rida",2
"I Knew You Were Trouble.","Taylor Swift",1
"If I Die Young","The Band Perry",1
"If You're Not The One","Daniel Bedingfield",1
"I'll Be There","Jess Glynne",1
"I'll Show You","Justin Bieber",0
"It's My Life","No Doubt",2
"Izzo (H.O.V.A.)","JAY-Z",2
"Kickstarts","Example",2
"Like I Love You","Justin Timberlake",2
"Makes Me Wonder","Maroon 5",2
"Me, Myself and I","Beyoncé",1
"Never Had A Dream Come True","S Club 7",1
"No Diggity","HÄWK",1
"No Such Thing","John Mayer",2
"Oh (feat. Ludacris)","Ciara",1
"Omen - Radio Edit","Disclosure",2
"One Step At a Time","Jordin Sparks",2
"One Wish","Ray J",2
"Outta Control - Remix","50 Cent",1
"Overprotected - Radio Edit","Britney Spears",2
"Pocketful of Sunshine","Natasha Bedingfield",2
"Promise","Ciara",1
"Pure Shores","All Saints",1
"Rack City","Tyga",1
"Rocketeer","Far East Movement",1
"Roll Up","Wiz Khalifa",2
"Salt Shaker","Ying Yang Twins",1
"Save Room","John Legend",1
"Shawty (feat. T Pain)","Plies",1
"Sorry","Madonna",0
"Take My Breath - Single Version","The Weeknd",2
"That Don't Impress Me Much - International Mix","Shania Twain",2
"U and Dat (feat. T. Pain & Kandi Girl)","E-40",1
"Video Games","Lana Del Rey",1
"Wanna Get To Know You","G-Unit",2
"Wasted","Tiësto",1
"All I Have (feat. LL Cool J)","Jennifer Lopez",1
"All In My Head (Flex) (feat. Fetty Wap)","Fifth Harmony",2
"Born to Make You Happy","Britney Spears",2
"Bump Bump Bump (feat. P. Diddy)","B2K",2
"Bust It Baby Pt. 2 (feat. Ne-Yo)","Plies",2
"Can't Hold Us Down (feat. Lil' Kim)","Christina Aguilera",2
"Climax","Usher",1
"Come With Me - Radio Edit","Special D.",0
"Cross Me (feat. Chance the Rapper & PnB Rock)","Ed Sheeran",2
"Don't Leave","Snakehips",1
"Don't Stop Movin'","S Club 7",2
"Drinking from the Bottle (feat. Tinie Tempah)","Calvin Harris",2
"Evacuate The Dancefloor","Cascada",2
"F**kin' Perfect","P!nk",1
"Fill Me In","Craig David",2
"Fine China","Chris Brown",2
"Gangsta Lovin'","Eve",2
"Gimme the Light","Sean Paul",2
"Hands on the Wheel (feat. Asap Rocky)","ScHoolboy Q",1
"Heart Skips a Beat (feat. Rizzle Kicks)","Olly Murs",2
"Hemorrhage (In My Hands)","Fuel",0
"Higher","Taio Cruz",2
"Hurtin' Me","Stefflon Don",0
"I Don't Feel Like Dancin'","Scissor Sisters",2
"I Just Wanna Love U (Give It 2 Me)","JAY-Z",2
"I'm Not Alone - Radio Edit","Calvin Harris",0
"Just a Friend 2002 - Radio Edit","Mario",2
"Just Fine","Mary J. Blige",2
"Just Hold On","Steve Aoki",1
"Last Night","Keyshia Cole",2
"Leavin'","Jesse McCartney",2
"Man's Not Hot","Big Shaq",2
"More Than A Woman","Aaliyah",2
"Ms. New Booty","Bubba Sparxxx",2
"My Neck My Back (Lick It)","Khia",2
"Not Nice","PARTYNEXTDOOR",2
"Of The Night","Bastille",1
"Oh Boy","Cam’ron",2
"One Call Away","Chingy",0
"One Day Like This","Elbow",0
"One Love","Blue",2
"Over And Over","Nelly",0
"Party Like A Rock Star","Shop Boyz",0
"Pullin' Me Back","Chingy",1
"Putus Atau Terus","Judika",1
"Rollout (My Business)","Ludacris",2
"Scars","Papa Roach",1
"Shortie Like Mine (feat. Chris Brown & Johntá Austin)","Bow Wow",2
"Soldier (feat. T.I. & Lil' Wayne)","Destiny's Child",2
"Sorry","Joel Corry",2
"Southside","Lloyd",1
"Starlight - Radio Edit","The Supermen Lovers",2
"Summer Paradise (feat. Sean Paul) - Single Version","Simple Plan",0
"Supalonely (feat. Gus Dapperton)","BENEE",2
"Take Me To The Clouds Above - LMC Vs. U2 / Radio Edit","LMC",2
"THE FORMULA","will.i.am",1
"The Great Escape","BOYS LIKE GIRLS",0
"Used To Love (with Dean Lewis)","Martin Garrix",1
"Vossi Bop","Stormzy",0
"Wait","Maroon 5",1
"What You Waiting For?","Gwen Stefani",2
"X (with KAROL G)","Jonas Brothers",2
"Year 3000","Busted",2
"A New Day Has Come - Radio Remix","Céline Dion",1
"Addictive","Truth Hurts",1
"Blind Faith","Chase & Status",0
"Cater 2 U","Destiny's Child",1
"CoCo","O.T. Genasis",1
"Earthquake (feat. Tinie Tempah)","Labrinth",0
"Faded","ZHU",2
"Feel the Love (feat. John Newman)","Rudimental",0
"Feels (feat. Pharrell Williams & Katy Perry & Big Sean)","Calvin Harris",2
"Freek-A-Leek","Petey Pablo",2
"Fun (feat. Chris Brown)","Pitbull",2
"Get Back","Ludacris",0
"Halfcrazy","Musiq Soulchild",1
"Heartbroken - Edit","T2",2
"How To Love","Lil Wayne",0
"I Can","Nas",2
"I Know You Want Me (Calle Ocho)","Pitbull",2
"I Tried","Bone Thugs-N-Harmony",1
"I'm a Thug","Trick Daddy",2
"Imma Be","Black Eyed Peas",1
"Jumanji","B Young",1
"Know Me Too Well (with Danna Paola)","New Hope Club",2
"Lean Wit It, Rock Wit It","Dem Franchize Boyz",2
"Let Me Hold You (Turn Me On)","Cheat Codes",1
"Make It Rain","Fat Joe",0
"Make Me Better","Fabolous",1
"Money Maker","Ludacris",1
"Move Along","The All-American Rejects",2
"Murder On The Dancefloor","Sophie Ellis-Bextor",2
"Next To Me","Emeli Sandé",1
"Nobody To Love - Radio Edit","Sigma",0
"Omen","The Prodigy",0
"Oops (Oh My) [feat. Missy Elliott]","Tweet",0
"Over","Drake",1
"PILLOWTALK","ZAYN",1
"Pretty Green Eyes - Radio Edit","Ultrabeat",0
"Pretty Wings - uncut","Maxwell",1
"Ready For Your Love","Gorgon City",1
"Rise & Fall (feat. Sting)","Craig David",2
"Shalala Lala","Vengaboys",2
"She Said","Plan B",0
"Starships","Nicki Minaj",2
"Tattoo","Jordin Sparks",0
"The Heart Wants What It Wants","Selena Gomez",2
"The Logical Song","Scooter",0
"This Is Love","will.i.am",1
"Truth Hurts","Lizzo",0
"Try Sleeping with a Broken Heart","Alicia Keys",2
"Turn My Swag On","Soulja Boy",0
"Waiting All Night (feat. Ella Eyre)","Rudimental",0
"Wanksta","50 Cent",2
"Wavin' Flag","K'NAAN",2
"Wish You Well","Sigala",2
"Work Hard Play Hard","Wiz Khalifa",0
"You & Me","Marc E. Bassy",1
"You Belong With Me","Taylor Swift",0
"Alarm","Anne-Marie",2
"Born To Die","Lana Del Rey",1
"Cool","Gwen Stefani",2
"Cruise","Florida Georgia Line",0
"Diamonds From Sierra Leone - Remix","Kanye West",1
"Diary (feat. Tony! Toni! Tone! & Jermaine Paul)","Alicia Keys",1
"Everyday I Love You Less And Less","Kaiser Chiefs",0
"Fit but You Know It","The Streets",0
"Floating Through Space","Sia",1
"Get It On Tonite","Montell Jordan",2
"Get Up (feat. Chamillionaire)","Ciara",2
"Gettin' Over You (feat. Fergie & LMFAO)","David Guetta",0
"Handbags And Gladrags","Stereophonics",0
"Heard It All Before","Sunshine Anderson",2
"Holiday","Dizzee Rascal",2
"I Like That","Houston",1
"I Love College","Asher Roth",2
"Ice Box","Omarion",2
"Idioteque","Radiohead",0
"If Tomorrow Never Comes","Ronan Keating",1
"In Those Jeans","Ginuwine",1
"Let It Go","Keyshia Cole",2
"Life Is A Rollercoaster","Ronan Keating",2
"London Bridge","Fergie",2
"Make Luv","Room 5",2
"Mesmerize","Ja Rule",1
"Miss You","Aaliyah",1
"Music","Madonna",2
"Need U (100%) (feat. A*M*E) - Radio Edit","Duke Dumont",2
"Nine Million Bicycles","Katie Melua",1
"On Fire","Lloyd Banks",1
"Ruby","Kaiser Chiefs",1
"Say Yes","Floetry",1
"Scandalous - U.S. Radio Edit","Mis-Teeq",2
"Selfish Love (with Selena Gomez)","DJ Snake",1
"Sex","Cheat Codes",1
"Somebody That I Used To Know","Gotye",2
"Sorry Seems To Be The Hardest Word","Blue",1
"Spotlight","Jennifer Hudson",2
"Stand Up","Ludacris",2
"Stay (feat. Maty Noyes)","Kygo",1
"Thank God I Found You (feat. Joe & 98°)","Mariah Carey",1
"The Man","Aloe Blacc",1
"Too Close","Alex Clare",1
"Turn Off The Light","Nelly Furtado",0
"Untouched","The Veronicas",0
"What You Got","Colby O'Donis",1
"White Noise","Disclosure",2
"Your Body","Pretty Ricky",1
"5 Years Time","Noah And The Whale",2
"A Little Less Conversation - JXL Radio Edit Remix","Elvis Presley",2
"Ai Se Eu Te Pego - Ao Vivo","Michel Teló",2
"All About You","McFly",1
"All Day And Night","Jax Jones",2
"Always On Time","Ja Rule",2
"Baby","Ashanti",0
"Be With You","Enrique Iglesias",2
"Breathe","Jax Jones",2
"BUTTERFLY EFFECT","Travis Scott",0
"Case Of The Ex (Whatcha Gonna Do)","Mýa",1
"Classic Man (feat. Roman GianArthur)","Jidenna",2
"Don't Forget About Us - Radio Edit","Mariah Carey",0
"Down With The Trumpets","Rizzle Kicks",2
"Escape","Enrique Iglesias",2
"Forget You","CeeLo Green",2
"Foundations","Kate Nash",2
"From Paris to Berlin","Infernal",2
"Good For You","Selena Gomez",1
"Gossip Folks (feat. Ludacris)","Missy Elliott",1
"Got Money","Lil Wayne",2
"Headsprung","LL COOL J",1
"Hey Baby","No Doubt",2
"Hey Baby (Radio Mix)","DJ Ötzi",2
"Holidae In","Chingy",2
"How Come","D12",2
"If You Come Back","Blue",2
"In For The Kill","La Roux",2
"In The Morning","Razorlight",2
"It's Like That","Mariah Carey",2
"La La La","Naughty Boy",1
"Love Sex Magic (feat. Justin Timberlake)","Ciara",2
"Mad","Ne-Yo",2
"Met Him Last Night (feat. Ariana Grande)","Demi Lovato",0
"Millionaire","Kelis",0
"Missing You","Case",2
"Music (feat. Marvin Gaye)","Erick Sermon",2
"My Life","The Game",0
"My Place","Nelly",0
"Nessaja","Scooter",0
"Never Be The Same Again","Melanie C",0
"No Hands (feat. Roscoe Dash & Wale)","Waka Flocka Flame",1
"Not Fair","Lily Allen",2
"On the Hotline - Amended Version","Pretty Ricky",2
"Promise","Jagged Edge",2
"Rise","GABRIELLE",0
"Round Round","Sugababes",2
"Sensual Seduction","Snoop Dogg",2
"Summer On You (feat. Wulf)","Sam Feldt",2
"Sunrise","Simply Red",2
"Sweet About Me","Gabriella Cilmi",2
"There You Go","P!nk",2
"This Ain't a Love Song","Scouting For Girls",0
"1955","Hilltop Hoods",2
"This I Promise You","*NSYNC",0
"This Is Why I'm Hot","MiMS",1
"This Town","Niall Horan",1
"Tripping","Robbie Williams",2
"Wait for You","Elliott Yamin",1
"Whataya Want from Me","Adam Lambert",0
"Written in the Stars (feat. Eric Turner)","Tinie Tempah",2
"Acceptable in the 80's","Calvin Harris",2
"Ain't It Funny","Jennifer Lopez",2
"Amazing","George Michael",2
"Baby, I'm Back","Baby Bash",2
"Bag Lady","Erykah Badu",0
"Battlefield","Jordin Sparks",0
"Beautiful Monster","Ne-Yo",2
"Beep","The Pussycat Dolls",2
"Bodak Yellow","Cardi B",2
"Chelsea Dagger","The Fratellis",0
"Cupid's Chokehold / Breakfast in America - Radio Mix","Gym Class Heroes",2
"Don't Call Me Baby","Madison Avenue",2
"Excuse Me Miss","JAY-Z",2
"Find Your Love","Drake",2
"Good Feeling","Flo Rida",2
"Hey Ma","Cam’ron",2
"Holocene","Bon Iver",0
"I Don't Feel Like Dancin'","Scissor Sisters",2
"I Would Like","Zara Larsson",1
"In the Morning","The Coral",2
"It's Over Now","112",1
"Jubel - Radio Edit","Klingande",1
"Juju on That Beat (TZ Anthem)","Zay Hilfigerrr",0
"Kota","Dere",1
"Lay It All on Me (feat. Ed Sheeran)","Rudimental",1
"Look Right Through - MK Vocal Edit","Storm Queen",2
"Move Your Body - Gabry Ponte Original Radio Edit","Eiffel 65",2
"No More","Ruff Endz",2
"Number 1","Tinchy Stryder",2
"Only U - No Intro","Ashanti",1
"Outta My System (feat. T-Pain & Johntá Austin)","Bow Wow",2
"Propane Nightmares","Pendulum",0
"Put That Woman First","Jaheim",1
"Put Your Hands Up For Detroit - Radio Edit","Fedde Le Grand",2
"Say It","Flume",1
"Shake Ya Ass","Mystikal",2
"Shine","Years & Years",1
"Sick and Tired","Anastacia",1
"Strike a Pose (feat. Aitch)","Young T & Bugsey",0
"Suffocate - Superclean","J. Holiday",1
"Sweetest Girl (Dollar Bill) (feat. Akon & Lil' Wayne & Niia)","Wyclef Jean",1
"Talk Dirty (feat. 2 Chainz)","Jason Derulo",2
"Tears (feat. Louisa Johnson)","Clean Bandit",1
"The Way I Live - Main Explicit","Baby Boy Da Prince",2
"Throw It In The Bag","Fabolous",0
"Throw Some D's","Rich Boy",0
"Tipsy - Club Mix","J-Kwon",2
"Touch It","Busta Rhymes",0
"Until The End Of Time","2Pac",1
"Wait (The Whisper Song)","Ying Yang Twins",2
"Wearing My Rolex - Radio Edit","Wiley",2
"When You Look At Me - Radio Edit","Christina Milian",2
"Where I Wanna Be","Donell Jones",1
"Wifey","Next",2
"With Arms Wide Open","Creed",1
"AM To PM","Christina Milian",2
"Ayo Technology","Milow",2
"Bailando - English Version","Enrique Iglesias",2
"Be Faithful","Fatman Scoop",2
"Beat Again - Radio Edit","JLS",2
"Black & Gold - Radio Edit","Sam Sparro",0
"Blurred Lines","Robin Thicke",2
"Chain Hang Low","Jibbs",0
"Ciao Adios","Anne-Marie",1
"Club Can't Handle Me (feat. David Guetta) - From the Step Up 3D Soundtrack","Flo Rida",2
"Damaged","Danity Kane",2
"Girl From Rio","Anitta",2
"Green Light (feat. André 3000)","John Legend",2
"Hot Right Now (feat. RITA ORA) - Radio Edit","DJ Fresh",0
"I Don't Want to Be","Gavin DeGraw",0
"Knock You Down","Keri Hilson",0
"Like You'll Never See Me Again","Alicia Keys",1
"Love at First Sight","Kylie Minogue",1
"LoveStoned / I Think She Knows (Interlude)","Justin Timberlake",2
"Million Voices - Radio Edit","Otto Knows",1
"Mungkin Hari Ini Esok Atau Nanti","Anneth",1
"No More Drama","Mary J. Blige",2
"NUMB","Hayden James",0
"Objection (Tango)","Shakira",0
"Once In a While","Timeflies",1
"One Minute Man (feat. Ludacris)","Missy Elliott",1
"Pass The Courvoisier Part II (feat. P. Diddy & Pharrell) - Remix","Busta Rhymes",2
"Play","Jennifer Lopez",2
"Rapture (feat.Nadia Ali)","iio",2
"Read Your Mind","Avant",1
"Silhouettes - Original Radio Edit","Avicii",2
"Sound Of The Underground","Girls Aloud",0
"Spinning Around","Kylie Minogue",2
"Star Girl","McFly",0
"Starry Eyed","Ellie Goulding",0
"Stutter (feat. Mystikal) - Double Take Remix","Joe",2
"Take Over Control (feat. Eva Simons) - Radio Edit","AFROJACK",2
"Take Your Mama","Scissor Sisters",2
"The Girl Is Mine","99 Souls",2
"Too Lost In You","Sugababes",1
"Ass Like That","Eminem",2
"Clumsy","Fergie",0
"Commander","Kelly Rowland",2
"Damn! (feat. Lil' Jon) - Club Mix","Youngbloodz",1
"Day 'N' Nite","Kid Cudi",2
"Do You Know? (The Ping Pong Song)","Enrique Iglesias",2
"Do You Really Like It? - Radio Edit","DJ Pied Piper & The Masters Of Ceremonies",2
"Freestyler","Bomfunk MC's",0
"Girl","Destiny's Child",1
"Hello","Martin Solveig",2
"Hey Porsche","Nelly",2
"High ft. Nicole Millar","Peking Duk",1
"Hole In The Head","Sugababes",2
"I Wish","Carl Thomas",1
"Let's Get Married","Jagged Edge",2
"Little by Little","Oasis",0
"Most Girls","P!nk",2
"No More (Baby I'ma Do Right)","3LW",2
"Not a Bad Thing","Justin Timberlake",1
"Nothin'","N.O.R.E.",2
"Options","NSG",2
"Point of View - Radio Edit","DB Boulevard",1
"Separated","Avant",2
"She Wants To Move","N.E.R.D",2
"Soul Survivor","Jeezy",1
"The Time Is Now","Moloko",2
"What'chu Like (feat. Tyrese)","Da Brat",2
"What's It Gonna Be (feat. Platnum)","H ""two"" O",2
"Beautiful People","Chris Brown",0
"Best I Ever Had","Drake",0
"Bromance - Avicii's Radio Edit","Tim Berg",1
"Chariot","Gavin DeGraw",0
"Cookie Jar (feat. The-Dream)","Gym Class Heroes",1
"Don't Think I'm Not","Kandi",1
"Grillz","Nelly",2
"He Can't Love U","Jagged Edge",2
"Heart Attack","Trey Songz",0
"I Love You","Faith Evans",0
"I'm Gonna Be Alright (feat. Nas)","Jennifer Lopez",2
"Juicy","Doja Cat",0
"Love You Like A Love Song","Selena Gomez & The Scene",2
"Miami 2 Ibiza - Swedish House Mafia vs. Tinie Tempah","Swedish House Mafia",2
"Miss You (with Major Lazer & Tory Lanez)","Cashmere Cat",1
"Pop Lock & Drop It - Video Edit","Huey",0
"Romeo","Basement Jaxx",2
"Say Aah (feat. Fabolous)","Trey Songz",2
"Sunshine (feat. Anthony Hamilton)","Twista",2
"We Come 1 - Radio Edit","Faithless",2
"A Woman's Worth","Alicia Keys",1
"All I Do Is Win (feat. T-Pain & Ludacris & Snoop Dogg & Rick Ross)","DJ Khaled",0
"Chameleon","PNAU",1
"Cold as Ice","M.O.P.",2
"Collide","Howie Day",1
"Dip It Low","Christina Milian",0
"Dirt Off Your Shoulder","JAY-Z",0
"Gold","Kiiara",1
"History","Olivia Holt",1
"If It Ain't Love","Jason Derulo",2
"Leave Right Now","Will Young",1
"Louder (feat. Sian Evans) - Radio Edit","DJ Fresh",0
"Love Me Now","John Legend",2
"MALAMENTE - Cap.1: Augurio","ROSALÍA",1
"Move Bitch","Ludacris",0
"One Call Away","Charlie Puth",1
"Pass Out","Tinie Tempah",2
"Post to Be (feat. Chris Brown & Jhene Aiko)","Omarion",2
"Proper Education - Radio Edit","Eric Prydz",1
"Shake Ya Tailfeather (feat. P. Diddy & Murphy Lee) - 2016 Remaster","Nelly",2
"Soak Up The Sun","Sheryl Crow",2
"Some Cut","Trillville",2
"Southern Hospitality (Featuring Pharrell)","Ludacris",2
"We Fly High","Jim Jones",1
"What Would You Do?","City High",2
"Work","Iggy Azalea",0
"1 2 Step (feat. Missy Elliott) - Main","Ciara",2
"Bed Of Lies","Nicki Minaj",1
"Don't Give Up","Chicane",0
"Dry Your Eyes","The Streets",1
"Full Moon","Brandy",2
"Heroes (we could be)","Alesso",1
"I Will Wait","Mumford & Sons",0
"Karma","Alicia Keys",2
"Luv U Better","LL COOL J",2
"Perfect Gentleman (feat. Hope)","Wyclef Jean",2
"Play","David Banner",2
"Push The Button","Sugababes",2
"Ride Wit Me","Nelly",2
"Signs","Snoop Dogg",2
"Starving","Hailee Steinfeld",1
"Starz In Their Eyes","Just Jack",2
"The Fear","Lily Allen",0
"The Mother We Share","CHVRCHES",0
"The Whole World (feat. Killer Mike)","Outkast",0
"Trumpets","Jason Derulo",2
"Who Says","Selena Gomez & The Scene",2
"1 Thing","Amerie",2
"Bad Vibe","M.O",2
"Break Up","Mario",1
"Come to Me (feat. Nicole Scherzinger)","Diddy",1
"Cooler Than Me - Single Mix","Mike Posner",2
"I'm In Control","AlunaGeorge",2
"Love Generation - Radio Edit","Bob Sinclar",2
"Lovers on the Sun (feat. Sam Martin)","David Guetta",2
"The Jump Off (feat. Mr. Cheeks) - Remix","Lil' Kim",2
"White Flag","Dido",0
"Wonderful World","James Morrison",1
"21 Seconds","So Solid Crew",2
"4 My People (feat. Eve)","Missy Elliott",2
"Boom Boom Pow","Black Eyed Peas",2
"Hot Boyz","Missy Elliott",1
"L.I.F.E.G.O.E.S.O.N.","Noah And The Whale",2
"Mama","Jonas Blue",2
"Rain On Me","Ashanti",1
"Runaway Love","Ludacris",2
"Show Me Love","Jenil",1
"Stole","Kelly Rowland",1
"The Other Side","Jason Derulo",2
"About You Now","Sugababes",1
"Close","Nick Jonas",1
"Fresh Eyes","Andy Grammer",2
"Girlfriend","*NSYNC",2
"Hands on the Wheel","Karley Scott Collins",0
"Livin' It Up","Ja Rule",2
"Papercuts (feat. Vera Blue)","Illy",0
"Tired Of Being Sorry","Enrique Iglesias",2
"Walk It Out","Unk",0
"★","David Bowie",1
"Barbra Streisand - Radio Edit","Duck Sauce",2
"Big Yellow Taxi","Counting Crows",2
"Bossy","Kelis",2
"Champion (feat. Chris Brown)","Chip",0
"Doesn't Really Matter","Janet Jackson",2
"Faded","Tyga",1
"Get Low","Lil Jon & The East Side Boyz",1
"Like Toy Soldiers","Eminem",1
"Love","Musiq Soulchild",1
"Magic Stick","Lil' Kim",1
"No Tomorrow","Orson",2
"Someone To Call My Lover","Janet Jackson",2
"This Ain't a Love Song","Scouting For Girls",0
"Tubthumping","Chumbawamba",0
"Tunnel Vision","Kodak Black",0
"Up Till Dawn (On The Move)","Lucas & Steve",1
"Wings","Birdy",1
"Without You (feat. Usher) - Radio Edit","David Guetta",1
"All I Want - Sunship Radio Edit","Mis-Teeq",2
"Angel","Amanda Perez",0
"Another Day in Paradise - R&B-Version","Brandy",2
"Buzzin Remix","Mann",2
"Eyes On You - Radio Mix","Jay Sean",2
"Good Luck","Basement Jaxx",0
"Gotta Get Thru This - D'N'D Radio Edit","Daniel Bedingfield",2
"Higher","Taio Cruz",2
"I Like It","Sammie",2
"Intoxicated - New Radio Mix","Martin Solveig",2
"Let's Get It Started - Spike Mix","Black Eyed Peas",2
"Loca People - Radio Edit","Sak Noel",2
"Splash Waterfalls","Ludacris",0
"Stranger in My House","Tamia",1
"Sweet Dreams","Beyoncé",2
"Uh Huh","B2K",2
"Bonkers","Dizzee Rascal",2
"Down 4 U","Charli Baltimore",1
"Flowers - Sunship Edit","Sweet Female Attitude",2
"Gone","*NSYNC",1
"1950","King Princess",1
"If There's Any Justice","Lemar",2
"Nu Flow","Big Brovaz",2
"Riverside","Sidney Samson",1
"Thunder in My Heart Again (Radio Edit)","Meck",2
"All Night (feat. Ally Brooke)","AFROJACK",2
"Bad (feat. Vassy) - Radio Edit","David Guetta",0
"Catch & Release - Deepend Remix Extended Version","Matt Simons",1
"My Love Is Like...Wo","Mýa",2
"Sweet Lovin' - Radio Edit","Sigala",2
"Whistle","Hoodie Forester",1
"Can't Believe It (feat. Lil' Wayne)","T-Pain",1
"Check On It (feat. Slim Thug)","Beyoncé",0
"COLD WAR","NSB",0
"Heartbreaker","will.i.am",1
"One","Swedish House Mafia",1
"What About Us?","Brandy",2
"Gotta Tell You","Samantha Mumba",2
"Kill Me Quick","André Aires",1
"No Air (feat. Chris Brown)","Jordin Sparks",0
"Slow Motion","Trey Songz",1
"Be Here","Sweet Imperfections",1
"Just A Little","Liberty X",2
"Where'd You Go (feat. Holly Brook & Jonah Matranga)","Fort Minor",0
"Control Myself","LL COOL J",2
"Sweet Disposition","The Temper Trap",1
"Turnin Me On - Original Dirty","Keri Hilson",0
"With Every Heartbeat","Robyn",1
"Another Chance","Roger Sanchez",1
"Give It Right Back","Danyka",0
"Loverboy","Mariah Carey",2
"Scar","Missy Higgins",2
"Cape Cabo","Player1",0
"Get It Poppin' (feat. Nelly) - Radio Version","Fat Joe",1
"Parent Trap (feat. Justin Timberlake)","Jack Harlow",1
"Crazy","K-Ci & JoJo",1
"Gangnam Style / 2 Legit 2 Quit Mashup","PSY",2
"My Tribe","Blessing Offor",2
"Read All About It","Professor Green",1
"Caramel","City High",1
"If I Could Go! (feat. Lil' Mo & Sacario)","Angie Martinez",0
"It's Not Me It's You","Emily Hearn",1
"Up The Score","Trill Ryan",1
"Wasting My Time","Default",0
"Everybody in Love","JLS",2
"If Momma Only Knew","Leah Justine",0
"King","Years & Years",1
"Lips Of An Angel","Hinder",1
"Anti-Social","Kameechi",0
"Fake It","Seether",2
"Personal","Maeesha b",0
"Under the Bridge","Project North",0
"Bounce With Me (feat. Xscape) - Edited Album Version","Bow Wow",2
"Switch","Will Smith",2
"Immortal love","London",1
"Like You Mean It","No Work On Monday",1
"Animal","Dom Devino",2
"Fly with Me","DaFOO",0
"Undisputed","Maithili Raelle",0
"The Selfish Gene","Marlon Percy",1
"Gravity","Molly Warburton",0
"Love Don't Let Me Go","David Guetta",1
"I thought you were different","Hunter Mouallem",0
"Rainy Dayz","Mary J. Blige",1
"What if","Lukx",2
"Funky Man","Charlie Mat",2
"One More Hero","Ekat Bork",0
"TRAFFIC","Marcello Spooks",1
"Save Your Heart First","KTEE",0
"Emotions","Mila Nabours",1
"Fall","Havens",2
"Lost Souls","KJ Hand",1
"Up to Something","Preston TO",0
"NOT AFRAID","Kodiro",1
"Pop Ya Collar - Radio Edit","Usher",2
"Lead You Afar","Jordan Cabo Smith",2
"Katara","Thimo Konings",2
"Como Saber","Marta Delas",2
"Southbound","Beach Blvd",0
"Dance with Somebody - Radio Version","Mando Diao",0
"Flow","Desire Machines",2
"Scared of the Dark","Everything Brighter",2
"Sorry","LEADR",1
